{
"type": "FeatureCollection",
"name": "ohio_river_valley_hospitals_filtered",
"crs": { "type": "name", "properties": { "name": "urn:ogc:def:crs:OGC:1.3:CRS84" } },
"features": [
{ "type": "Feature", "properties": { "NAME": "T J HEALTH COLUMBIA", "ADDRESS": "901 WESTLAKE DRIVE", "CITY": "COLUMBIA", "STATE": "KY", "ZIP": "42728", "TYPE": "GENERAL ACUTE CARE", "STATUS": "OPEN", "BEDS": 74, "TRAUMA": "NOT AVAILABLE" }, "geometry": { "type": "Point", "coordinates": [ -85.29454565, 37.096641573000127 ] } },
{ "type": "Feature", "properties": { "NAME": "CASEY COUNTY HOSPITAL", "ADDRESS": "187 WOLFORD AVENUE", "CITY": "LIBERTY", "STATE": "KY", "ZIP": "42539", "TYPE": "CRITICAL ACCESS", "STATUS": "OPEN", "BEDS": 24, "TRAUMA": "NOT AVAILABLE" }, "geometry": { "type": "Point", "coordinates": [ -84.933171913, 37.31771681200015 ] } },
{ "type": "Feature", "properties": { "NAME": "MARCUM AND WALLACE MEMORIAL HOSPITAL", "ADDRESS": "60 MERCY COURT", "CITY": "IRVINE", "STATE": "KY", "ZIP": "40336", "TYPE": "CRITICAL ACCESS", "STATUS": "OPEN", "BEDS": 25, "TRAUMA": "LEVEL IV" }, "geometry": { "type": "Point", "coordinates": [ -83.977277144, 37.706197098000096 ] } },
{ "type": "Feature", "properties": { "NAME": "HIGHLANDS REGIONAL MEDICAL CENTER", "ADDRESS": "5000 KENTUCKY ROUTE 321", "CITY": "PRESTONSBURG", "STATE": "KY", "ZIP": "41653", "TYPE": "GENERAL ACUTE CARE", "STATUS": "OPEN", "BEDS": 174, "TRAUMA": "NOT AVAILABLE" }, "geometry": { "type": "Point", "coordinates": [ -82.767320076, 37.729010056000128 ] } },
{ "type": "Feature", "properties": { "NAME": "NORTON WOMEN'S AND KOSAIR CHILDREN'S HOSPITAL", "ADDRESS": "4001 DUTCHMANS LANE", "CITY": "LOUISVILLE", "STATE": "KY", "ZIP": "40207", "TYPE": "WOMEN", "STATUS": "OPEN", "BEDS": 373, "TRAUMA": "NOT AVAILABLE" }, "geometry": { "type": "Point", "coordinates": [ -85.632936927999907, 38.235330086 ] } },
{ "type": "Feature", "properties": { "NAME": "SAINTS MARY & ELIZABETH HOSPITAL", "ADDRESS": "1850 BLUEGRASS AVENUE", "CITY": "LOUISVILLE", "STATE": "KY", "ZIP": "40215", "TYPE": "GENERAL ACUTE CARE", "STATUS": "OPEN", "BEDS": 298, "TRAUMA": "NOT AVAILABLE" }, "geometry": { "type": "Point", "coordinates": [ -85.793916414, 38.178264384 ] } },
{ "type": "Feature", "properties": { "NAME": "THE BROOK - DUPONT", "ADDRESS": "1405 BROWNS LANE", "CITY": "LOUISVILLE", "STATE": "KY", "ZIP": "40207", "TYPE": "PSYCHIATRIC", "STATUS": "OPEN", "BEDS": 88, "TRAUMA": "NOT AVAILABLE" }, "geometry": { "type": "Point", "coordinates": [ -85.627340946999894, 38.235696632000028 ] } },
{ "type": "Feature", "properties": { "NAME": "BAPTIST HEALTH LA GRANGE", "ADDRESS": "1025 NEW MOODY LANE", "CITY": "LAGRANGE", "STATE": "KY", "ZIP": "40031", "TYPE": "GENERAL ACUTE CARE", "STATUS": "OPEN", "BEDS": 90, "TRAUMA": "NOT AVAILABLE" }, "geometry": { "type": "Point", "coordinates": [ -85.376065153999903, 38.394890193999949 ] } },
{ "type": "Feature", "properties": { "NAME": "COMMUNITY HOSPITAL OF ANDERSON AND MADISON COUNTY", "ADDRESS": "1515 N MADISON AVE", "CITY": "ANDERSON", "STATE": "IN", "ZIP": "46011", "TYPE": "GENERAL ACUTE CARE", "STATUS": "OPEN", "BEDS": 137, "TRAUMA": "LEVEL III" }, "geometry": { "type": "Point", "coordinates": [ -85.693209184, 40.13064558800005 ] } },
{ "type": "Feature", "properties": { "NAME": "UH PORTAGE - ROBINSON MEMORIAL HOSPITAL", "ADDRESS": "6847 N CHESTNUT", "CITY": "RAVENNA", "STATE": "OH", "ZIP": "44266", "TYPE": "GENERAL ACUTE CARE", "STATUS": "OPEN", "BEDS": 302, "TRAUMA": "LEVEL III" }, "geometry": { "type": "Point", "coordinates": [ -81.249017298999902, 41.176057754000098 ] } },
{ "type": "Feature", "properties": { "NAME": "INDIANA SPINE HOSPITAL, LLC", "ADDRESS": "13219 N MERIDIAN STREET", "CITY": "CARMEL", "STATE": "IN", "ZIP": "46032", "TYPE": "SPECIAL", "STATUS": "OPEN", "BEDS": 20, "TRAUMA": "NOT AVAILABLE" }, "geometry": { "type": "Point", "coordinates": [ -86.153472624999907, 39.98041994800014 ] } },
{ "type": "Feature", "properties": { "NAME": "MIAMI VALLEY HOSPITAL", "ADDRESS": "ONE WYOMING STREET", "CITY": "DAYTON", "STATE": "OH", "ZIP": "45409", "TYPE": "GENERAL ACUTE CARE", "STATUS": "OPEN", "BEDS": 883, "TRAUMA": "LEVEL I" }, "geometry": { "type": "Point", "coordinates": [ -84.185908608, 39.744893204000128 ] } },
{ "type": "Feature", "properties": { "NAME": "MHP MEDICAL CENTER", "ADDRESS": "2451 INTELLIPLEX DRIVE", "CITY": "SHELBYVILLE", "STATE": "IN", "ZIP": "46176", "TYPE": "GENERAL ACUTE CARE", "STATUS": "OPEN", "BEDS": 40, "TRAUMA": "NOT AVAILABLE" }, "geometry": { "type": "Point", "coordinates": [ -85.785817, 39.560356 ] } },
{ "type": "Feature", "properties": { "NAME": "PERRY COUNTY MEMORIAL HOSPITAL", "ADDRESS": "8885 SR 237", "CITY": "TELL CITY", "STATE": "IN", "ZIP": "47586", "TYPE": "GENERAL ACUTE CARE", "STATUS": "OPEN", "BEDS": 25, "TRAUMA": "NOT AVAILABLE" }, "geometry": { "type": "Point", "coordinates": [ -86.731667, 37.9679310000001 ] } },
{ "type": "Feature", "properties": { "NAME": "ST JOSEPH HEALTH CENTER", "ADDRESS": "667 EASTLAND AVE SE", "CITY": "WARREN", "STATE": "OH", "ZIP": "44481", "TYPE": "GENERAL ACUTE CARE", "STATUS": "OPEN", "BEDS": 219, "TRAUMA": "LEVEL III" }, "geometry": { "type": "Point", "coordinates": [ -80.777155281, 41.230911745000121 ] } },
{ "type": "Feature", "properties": { "NAME": "TRUMBULL MEMORIAL HOSPITAL", "ADDRESS": "1350 EAST MARKET STREET", "CITY": "WARREN", "STATE": "OH", "ZIP": "44482", "TYPE": "GENERAL ACUTE CARE", "STATUS": "OPEN", "BEDS": 346, "TRAUMA": "LEVEL III" }, "geometry": { "type": "Point", "coordinates": [ -80.798778258, 41.235855922999988 ] } },
{ "type": "Feature", "properties": { "NAME": "SAINT JOSEPH HOSPITAL", "ADDRESS": "ONE ST JOSEPH DRIVE", "CITY": "LEXINGTON", "STATE": "KY", "ZIP": "40504", "TYPE": "GENERAL ACUTE CARE", "STATUS": "OPEN", "BEDS": 433, "TRAUMA": "NOT AVAILABLE" }, "geometry": { "type": "Point", "coordinates": [ -84.52329929, 38.032339732000032 ] } },
{ "type": "Feature", "properties": { "NAME": "SHRINERS HOSPITAL FOR CHILDREN", "ADDRESS": "1900 RICHMOND RD", "CITY": "LEXINGTON", "STATE": "KY", "ZIP": "40502", "TYPE": "CHILDREN", "STATUS": "OPEN", "BEDS": 50, "TRAUMA": "NOT AVAILABLE" }, "geometry": { "type": "Point", "coordinates": [ -84.472698523, 38.022706609000103 ] } },
{ "type": "Feature", "properties": { "NAME": "TWIN LAKES REGIONAL MEDICAL CENTER", "ADDRESS": "910 WALLACE AVENUE", "CITY": "LEITCHFIELD", "STATE": "KY", "ZIP": "42754", "TYPE": "GENERAL ACUTE CARE", "STATUS": "OPEN", "BEDS": 75, "TRAUMA": "LEVEL IV" }, "geometry": { "type": "Point", "coordinates": [ -86.288593089, 37.472515304000069 ] } },
{ "type": "Feature", "properties": { "NAME": "OUR LADY OF BELLEFONTE HOSPITAL", "ADDRESS": "1000 ST. CHRISTOPHER DRIVE", "CITY": "ASHLAND", "STATE": "KY", "ZIP": "41101", "TYPE": "GENERAL ACUTE CARE", "STATUS": "OPEN", "BEDS": 190, "TRAUMA": "NOT AVAILABLE" }, "geometry": { "type": "Point", "coordinates": [ -82.692616508, 38.50845431900008 ] } },
{ "type": "Feature", "properties": { "NAME": "GARRARD COUNTY HOSPITAL", "ADDRESS": "308 WEST MAPLE AVENUE", "CITY": "LANCASTER", "STATE": "KY", "ZIP": "40444", "TYPE": "GENERAL ACUTE CARE", "STATUS": "CLOSED", "BEDS": 15, "TRAUMA": "NOT AVAILABLE" }, "geometry": { "type": "Point", "coordinates": [ -84.585157253, 37.622026064000131 ] } },
{ "type": "Feature", "properties": { "NAME": "FRANKFORT REGIONAL MEDICAL CENTER", "ADDRESS": "299 KINGS DAUGHTERS DRIVE", "CITY": "FRANKFORT", "STATE": "KY", "ZIP": "40601", "TYPE": "LONG TERM CARE", "STATUS": "OPEN", "BEDS": 173, "TRAUMA": "LEVEL III" }, "geometry": { "type": "Point", "coordinates": [ -84.906893698, 38.160661745 ] } },
{ "type": "Feature", "properties": { "NAME": "THE MEDICAL CENTER AT BOWLING GREEN", "ADDRESS": "250 PARK STREET", "CITY": "BOWLING GREEN", "STATE": "KY", "ZIP": "42101", "TYPE": "GENERAL ACUTE CARE", "STATUS": "OPEN", "BEDS": 337, "TRAUMA": "NOT AVAILABLE" }, "geometry": { "type": "Point", "coordinates": [ -86.42975938, 36.995971505000163 ] } },
{ "type": "Feature", "properties": { "NAME": "EPHRAIM MCDOWELL FORT LOGAN HOSPITAL", "ADDRESS": "110 METKER TRAIL", "CITY": "STANFORD", "STATE": "KY", "ZIP": "40484", "TYPE": "CRITICAL ACCESS", "STATUS": "OPEN", "BEDS": 25, "TRAUMA": "LEVEL IV" }, "geometry": { "type": "Point", "coordinates": [ -84.653036559, 37.54279432 ] } },
{ "type": "Feature", "properties": { "NAME": "LIVINGSTON HOSPITAL AND HEALTHCARE SERVICES", "ADDRESS": "131 HOSPITAL DRIVE", "CITY": "SALEM", "STATE": "KY", "ZIP": "42078", "TYPE": "CRITICAL ACCESS", "STATUS": "OPEN", "BEDS": 25, "TRAUMA": "LEVEL IV" }, "geometry": { "type": "Point", "coordinates": [ -88.228502459, 37.263053189000097 ] } },
{ "type": "Feature", "properties": { "NAME": "METHODIST HOSPITAL", "ADDRESS": "1305 N ELM STREET", "CITY": "HENDERSON", "STATE": "KY", "ZIP": "42420", "TYPE": "GENERAL ACUTE CARE", "STATUS": "OPEN", "BEDS": 192, "TRAUMA": "NOT AVAILABLE" }, "geometry": { "type": "Point", "coordinates": [ -87.583199016, 37.854974612 ] } },
{ "type": "Feature", "properties": { "NAME": "BLUEGRASS COMMUNITY HOSPITAL", "ADDRESS": "360 AMSDEN AVE.", "CITY": "VERSAILLES", "STATE": "KY", "ZIP": "40383", "TYPE": "GENERAL ACUTE CARE", "STATUS": "OPEN", "BEDS": 25, "TRAUMA": "NOT AVAILABLE" }, "geometry": { "type": "Point", "coordinates": [ -84.723788339999899, 38.054765689000121 ] } },
{ "type": "Feature", "properties": { "NAME": "TAYLOR REGIONAL HOSPITAL", "ADDRESS": "1700 OLD LEBANON ROAD", "CITY": "CAMPBELLSVILLE", "STATE": "KY", "ZIP": "42718", "TYPE": "GENERAL ACUTE CARE", "STATUS": "OPEN", "BEDS": 90, "TRAUMA": "LEVEL III" }, "geometry": { "type": "Point", "coordinates": [ -85.338106556, 37.366351762000093 ] } },
{ "type": "Feature", "properties": { "NAME": "RUSSELL COUNTY HOSPITAL", "ADDRESS": "153 DOWELL RD., PO BOX 1610", "CITY": "RUSSELL SPRINGS", "STATE": "KY", "ZIP": "42642", "TYPE": "GENERAL ACUTE CARE", "STATUS": "OPEN", "BEDS": 25, "TRAUMA": "NOT AVAILABLE" }, "geometry": { "type": "Point", "coordinates": [ -85.067352806, 37.05758045 ] } },
{ "type": "Feature", "properties": { "NAME": "RALEIGH GENERAL HOSPITAL", "ADDRESS": "1710 HARPER ROAD", "CITY": "BECKLEY", "STATE": "WV", "ZIP": "25801", "TYPE": "GENERAL ACUTE CARE", "STATUS": "OPEN", "BEDS": 300, "TRAUMA": "LEVEL III" }, "geometry": { "type": "Point", "coordinates": [ -81.201931585, 37.787554395 ] } },
{ "type": "Feature", "properties": { "NAME": "ROCKCASTLE REGIONAL HOSPITAL & RESPIRATORY CARE CENTER", "ADDRESS": "145 NEWCOMB AVE", "CITY": "MT VERNON", "STATE": "KY", "ZIP": "40456", "TYPE": "GENERAL ACUTE CARE", "STATUS": "OPEN", "BEDS": 26, "TRAUMA": "LEVEL IV" }, "geometry": { "type": "Point", "coordinates": [ -84.3359033199999, 37.357964320000114 ] } },
{ "type": "Feature", "properties": { "NAME": "BAPTIST HEALTH LOUISVILLE", "ADDRESS": "4000 KRESGE WAY", "CITY": "LOUISVILLE", "STATE": "KY", "ZIP": "40207", "TYPE": "GENERAL ACUTE CARE", "STATUS": "OPEN", "BEDS": 519, "TRAUMA": "NOT AVAILABLE" }, "geometry": { "type": "Point", "coordinates": [ -85.637144295, 38.238118248000028 ] } },
{ "type": "Feature", "properties": { "NAME": "JEWISH HOSPITAL & ST. MARY'S HEALTHCARE", "ADDRESS": "200 ABRAHAM FLEXNER WAY", "CITY": "LOUISVILLE", "STATE": "KY", "ZIP": "40202", "TYPE": "GENERAL ACUTE CARE", "STATUS": "OPEN", "BEDS": 462, "TRAUMA": "NOT AVAILABLE" }, "geometry": { "type": "Point", "coordinates": [ -85.751189499, 38.249131647000148 ] } },
{ "type": "Feature", "properties": { "NAME": "KINDRED HOSPITAL - LOUISVILLE", "ADDRESS": "1313 SAINT ANTHONY PLACE", "CITY": "LOUISVILLE", "STATE": "KY", "ZIP": "40204", "TYPE": "LONG TERM CARE", "STATUS": "OPEN", "BEDS": 337, "TRAUMA": "NOT AVAILABLE" }, "geometry": { "type": "Point", "coordinates": [ -85.731237729, 38.242656516000089 ] } },
{ "type": "Feature", "properties": { "NAME": "OUR LADY OF PEACE", "ADDRESS": "2020 NEWBURG RD", "CITY": "LOUISVILLE", "STATE": "KY", "ZIP": "40205", "TYPE": "PSYCHIATRIC", "STATUS": "OPEN", "BEDS": 396, "TRAUMA": "NOT AVAILABLE" }, "geometry": { "type": "Point", "coordinates": [ -85.71059213, 38.218809 ] } },
{ "type": "Feature", "properties": { "NAME": "UNIVERSITY OF LOUISVILLE HOSPITAL", "ADDRESS": "530 S JACKSON ST", "CITY": "LOUISVILLE", "STATE": "KY", "ZIP": "40202", "TYPE": "GENERAL ACUTE CARE", "STATUS": "OPEN", "BEDS": 404, "TRAUMA": "LEVEL I" }, "geometry": { "type": "Point", "coordinates": [ -85.744335964999905, 38.248322961 ] } },
{ "type": "Feature", "properties": { "NAME": "PAUL B HALL REGIONAL MEDICAL CENTER", "ADDRESS": "625 JAMES S TRIMBLE BLVD", "CITY": "PAINTSVILLE", "STATE": "KY", "ZIP": "41240", "TYPE": "GENERAL ACUTE CARE", "STATUS": "OPEN", "BEDS": 72, "TRAUMA": "NOT AVAILABLE" }, "geometry": { "type": "Point", "coordinates": [ -82.813051295, 37.815510936000059 ] } },
{ "type": "Feature", "properties": { "NAME": "PLATEAU MEDICAL CENTER", "ADDRESS": "430 MAIN STREET", "CITY": "OAK HILL", "STATE": "WV", "ZIP": "25901", "TYPE": "CRITICAL ACCESS", "STATUS": "OPEN", "BEDS": 25, "TRAUMA": "NOT AVAILABLE" }, "geometry": { "type": "Point", "coordinates": [ -81.149780587, 37.97127657700004 ] } },
{ "type": "Feature", "properties": { "NAME": "MINNIE HAMILTON HEALTH CARE CENTER", "ADDRESS": "186 HOSPITAL DRIVE", "CITY": "GRANTSVILLE", "STATE": "WV", "ZIP": "26147", "TYPE": "CRITICAL ACCESS", "STATUS": "OPEN", "BEDS": 42, "TRAUMA": "NOT AVAILABLE" }, "geometry": { "type": "Point", "coordinates": [ -81.092492955999901, 38.922760068000095 ] } },
{ "type": "Feature", "properties": { "NAME": "ST MARY'S MEDICAL CENTER", "ADDRESS": "2900 1ST AVENUE", "CITY": "HUNTINGTON", "STATE": "WV", "ZIP": "25701", "TYPE": "GENERAL ACUTE CARE", "STATUS": "OPEN", "BEDS": 393, "TRAUMA": "LEVEL II" }, "geometry": { "type": "Point", "coordinates": [ -82.400412726999903, 38.430550450999966 ] } },
{ "type": "Feature", "properties": { "NAME": "PRINCETON COMMUNITY HOSPITAL", "ADDRESS": "122 12TH STREET, PO BOX 1369", "CITY": "PRINCETON", "STATE": "WV", "ZIP": "24740", "TYPE": "GENERAL ACUTE CARE", "STATUS": "OPEN", "BEDS": 267, "TRAUMA": "LEVEL IV" }, "geometry": { "type": "Point", "coordinates": [ -81.113010848, 37.36271892700006 ] } },
{ "type": "Feature", "properties": { "NAME": "PLEASANT VALLEY HOSPITAL", "ADDRESS": "2520 VALLEY DRIVE", "CITY": "POINT PLEASANT", "STATE": "WV", "ZIP": "25550", "TYPE": "GENERAL ACUTE CARE", "STATUS": "OPEN", "BEDS": 201, "TRAUMA": "LEVEL IV" }, "geometry": { "type": "Point", "coordinates": [ -82.123223867, 38.869065410000147 ] } },
{ "type": "Feature", "properties": { "NAME": "BOONE MEMORIAL HOSPITAL", "ADDRESS": "701 MADISON AVENUE", "CITY": "MADISON", "STATE": "WV", "ZIP": "25130", "TYPE": "CRITICAL ACCESS", "STATUS": "OPEN", "BEDS": 25, "TRAUMA": "LEVEL IV" }, "geometry": { "type": "Point", "coordinates": [ -81.80619, 38.048200000000101 ] } },
{ "type": "Feature", "properties": { "NAME": "POCAHONTAS MEMORIAL HOSPITAL", "ADDRESS": "150 DUNCAN RD, RR BOX 52 WEST", "CITY": "BUCKEYE", "STATE": "WV", "ZIP": "24924", "TYPE": "CRITICAL ACCESS", "STATUS": "OPEN", "BEDS": 25, "TRAUMA": "LEVEL IV" }, "geometry": { "type": "Point", "coordinates": [ -80.108978397, 38.200829117000076 ] } },
{ "type": "Feature", "properties": { "NAME": "PRESTON MEMORIAL HOSPITAL", "ADDRESS": "300 S PRICE STREET", "CITY": "KINGWOOD", "STATE": "WV", "ZIP": "26537", "TYPE": "CRITICAL ACCESS", "STATUS": "CLOSED", "BEDS": 25, "TRAUMA": "NOT AVAILABLE" }, "geometry": { "type": "Point", "coordinates": [ -79.687857503, 39.465077840000014 ] } },
{ "type": "Feature", "properties": { "NAME": "WILLIAM R SHARPE JR HOSPITAL", "ADDRESS": "936 SHARPE HOSPITAL ROAD", "CITY": "WESTON", "STATE": "WV", "ZIP": "26452", "TYPE": "PSYCHIATRIC", "STATUS": "OPEN", "BEDS": 150, "TRAUMA": "NOT AVAILABLE" }, "geometry": { "type": "Point", "coordinates": [ -80.496304267, 39.041149270000112 ] } },
{ "type": "Feature", "properties": { "NAME": "ST JOSEPH HOSPITAL", "ADDRESS": "1 AMALIA DRIVE", "CITY": "BUCKHANNON", "STATE": "WV", "ZIP": "26201", "TYPE": "CRITICAL ACCESS", "STATUS": "OPEN", "BEDS": 51, "TRAUMA": "LEVEL IV" }, "geometry": { "type": "Point", "coordinates": [ -80.236389298999896, 38.991412046000072 ] } },
{ "type": "Feature", "properties": { "NAME": "WEST VIRGINIA UNIVERSITY HOSPITALS", "ADDRESS": "1 MEDICAL CENTER DRIVE", "CITY": "MORGANTOWN", "STATE": "WV", "ZIP": "26506", "TYPE": "GENERAL ACUTE CARE", "STATUS": "OPEN", "BEDS": 677, "TRAUMA": "LEVEL I" }, "geometry": { "type": "Point", "coordinates": [ -79.958022141, 39.654422574000094 ] } },
{ "type": "Feature", "properties": { "NAME": "REYNOLDS MEMORIAL HOSPITAL", "ADDRESS": "800 WHEELING AVE", "CITY": "GLEN DALE", "STATE": "WV", "ZIP": "26038", "TYPE": "GENERAL ACUTE CARE", "STATUS": "OPEN", "BEDS": 90, "TRAUMA": "LEVEL IV" }, "geometry": { "type": "Point", "coordinates": [ -80.752437545, 39.946141926999971 ] } },
{ "type": "Feature", "properties": { "NAME": "ST ANTHONYS MEMORIAL HOSPITAL", "ADDRESS": "503 N MAPLE STREET", "CITY": "EFFINGHAM", "STATE": "IL", "ZIP": "62401", "TYPE": "GENERAL ACUTE CARE", "STATUS": "OPEN", "BEDS": 146, "TRAUMA": "NOT AVAILABLE" }, "geometry": { "type": "Point", "coordinates": [ -88.550125218999895, 39.125776017000092 ] } },
{ "type": "Feature", "properties": { "NAME": "MEADOWVIEW REGIONAL MEDICAL CENTER", "ADDRESS": "989 MEDICAL PARK DRIVE", "CITY": "MAYSVILLE", "STATE": "KY", "ZIP": "41056", "TYPE": "GENERAL ACUTE CARE", "STATUS": "OPEN", "BEDS": 100, "TRAUMA": "NOT AVAILABLE" }, "geometry": { "type": "Point", "coordinates": [ -83.808105166, 38.639974376000112 ] } },
{ "type": "Feature", "properties": { "NAME": "ST. ELIZABETH FLORENCE", "ADDRESS": "4900 HOUSTON ROAD", "CITY": "FLORENCE", "STATE": "KY", "ZIP": "41042", "TYPE": "GENERAL ACUTE CARE", "STATUS": "OPEN", "BEDS": 231, "TRAUMA": "NOT AVAILABLE" }, "geometry": { "type": "Point", "coordinates": [ -84.630767205, 39.016591818000087 ] } },
{ "type": "Feature", "properties": { "NAME": "EPHRAIM MCDOWELL REGIONAL MEDICAL CENTER", "ADDRESS": "217 SOUTH THIRD STREET", "CITY": "DANVILLE", "STATE": "KY", "ZIP": "40422", "TYPE": "GENERAL ACUTE CARE", "STATUS": "OPEN", "BEDS": 197, "TRAUMA": "LEVEL III" }, "geometry": { "type": "Point", "coordinates": [ -84.773001139, 37.643873305000078 ] } },
{ "type": "Feature", "properties": { "NAME": "SPRING VIEW HOSPITAL", "ADDRESS": "320 LORETTO ROAD", "CITY": "LEBANON", "STATE": "KY", "ZIP": "40033", "TYPE": "GENERAL ACUTE CARE", "STATUS": "OPEN", "BEDS": 75, "TRAUMA": "NOT AVAILABLE" }, "geometry": { "type": "Point", "coordinates": [ -85.261456408999905, 37.569828878000152 ] } },
{ "type": "Feature", "properties": { "NAME": "OWENSBORO HEALTH MUHLENBERG COMMUNITY HOSPITAL", "ADDRESS": "440 HOPKINSVILLE STREET", "CITY": "GREENVILLE", "STATE": "KY", "ZIP": "42345", "TYPE": "GENERAL ACUTE CARE", "STATUS": "OPEN", "BEDS": 90, "TRAUMA": "NOT AVAILABLE" }, "geometry": { "type": "Point", "coordinates": [ -87.189294499, 37.196535391000118 ] } },
{ "type": "Feature", "properties": { "NAME": "CALDWELL MEDICAL CENTER", "ADDRESS": "100 MEDICAL CENTER DRIVE", "CITY": "PRINCETON", "STATE": "KY", "ZIP": "42445", "TYPE": "CRITICAL ACCESS", "STATUS": "OPEN", "BEDS": 25, "TRAUMA": "NOT AVAILABLE" }, "geometry": { "type": "Point", "coordinates": [ -87.909600476, 37.113674313000011 ] } },
{ "type": "Feature", "properties": { "NAME": "T J SAMSON COMMUNITY HOSPITAL", "ADDRESS": "1301 NORTH RACE STREET", "CITY": "GLASGOW", "STATE": "KY", "ZIP": "42141", "TYPE": "GENERAL ACUTE CARE", "STATUS": "OPEN", "BEDS": 180, "TRAUMA": "NOT AVAILABLE" }, "geometry": { "type": "Point", "coordinates": [ -85.904513973999897, 37.011392388999958 ] } },
{ "type": "Feature", "properties": { "NAME": "WESTERN STATE HOSPITAL", "ADDRESS": "2400 RUSSELLVILLE ROAD", "CITY": "HOPKINSVILLE", "STATE": "KY", "ZIP": "42240", "TYPE": "PSYCHIATRIC", "STATUS": "OPEN", "BEDS": 495, "TRAUMA": "NOT AVAILABLE" }, "geometry": { "type": "Point", "coordinates": [ -87.451266717, 36.864669216000031 ] } },
{ "type": "Feature", "properties": { "NAME": "PIKEVILLE MEDICAL CENTER", "ADDRESS": "911 BYPASS RD", "CITY": "PIKEVILLE", "STATE": "KY", "ZIP": "41501", "TYPE": "GENERAL ACUTE CARE", "STATUS": "OPEN", "BEDS": 340, "TRAUMA": "LEVEL II" }, "geometry": { "type": "Point", "coordinates": [ -82.522247497, 37.471241666 ] } },
{ "type": "Feature", "properties": { "NAME": "HAZARD ARH REGIONAL MEDICAL CENTER", "ADDRESS": "100 MEDICAL CENTER DRIVE", "CITY": "HAZARD", "STATE": "KY", "ZIP": "41701", "TYPE": "GENERAL ACUTE CARE", "STATUS": "OPEN", "BEDS": 358, "TRAUMA": "NOT AVAILABLE" }, "geometry": { "type": "Point", "coordinates": [ -83.227882237, 37.278297946000087 ] } },
{ "type": "Feature", "properties": { "NAME": "TUG VALLEY ARH REGIONAL MEDICAL CENTER", "ADDRESS": "260 HOSPITAL DRIVE", "CITY": "SOUTH WILLIAMSON", "STATE": "KY", "ZIP": "41503", "TYPE": "GENERAL ACUTE CARE", "STATUS": "OPEN", "BEDS": 113, "TRAUMA": "LEVEL IV" }, "geometry": { "type": "Point", "coordinates": [ -82.297022722, 37.676510644000061 ] } },
{ "type": "Feature", "properties": { "NAME": "SUN BEHAVIORAL HEALTH", "ADDRESS": "820 DOLWICK DRIVE", "CITY": "ERLANGER", "STATE": "KY", "ZIP": "41018", "TYPE": "PSYCHIATRIC", "STATUS": "OPEN", "BEDS": 197, "TRAUMA": "NOT AVAILABLE" }, "geometry": { "type": "Point", "coordinates": [ -84.594436, 39.038841 ] } },
{ "type": "Feature", "properties": { "NAME": "MASSAC MEMORIAL HOSPITAL", "ADDRESS": "28 CHICK STREET, PO BOX 850", "CITY": "METROPOLIS", "STATE": "IL", "ZIP": "62960", "TYPE": "CRITICAL ACCESS", "STATUS": "OPEN", "BEDS": 25, "TRAUMA": "NOT AVAILABLE" }, "geometry": { "type": "Point", "coordinates": [ -88.740048665, 37.166374756999971 ] } },
{ "type": "Feature", "properties": { "NAME": "BECKLEY ARH HOSPITAL", "ADDRESS": "306 STANAFORD ROAD", "CITY": "BECKLEY", "STATE": "WV", "ZIP": "25801", "TYPE": "GENERAL ACUTE CARE", "STATUS": "OPEN", "BEDS": 173, "TRAUMA": "LEVEL IV" }, "geometry": { "type": "Point", "coordinates": [ -81.168183745, 37.798832695000037 ] } },
{ "type": "Feature", "properties": { "NAME": "OWENSBORO HEALTH", "ADDRESS": "811 E PARRISH AVE", "CITY": "OWENSBORO", "STATE": "KY", "ZIP": "42303", "TYPE": "GENERAL ACUTE CARE", "STATUS": "OPEN", "BEDS": -999, "TRAUMA": "NOT AVAILABLE" }, "geometry": { "type": "Point", "coordinates": [ -87.100834, 37.766669 ] } },
{ "type": "Feature", "properties": { "NAME": "EPHRAIM MCDOWELL JAMES B. HAGGIN MEMORIAL HOSPITAL", "ADDRESS": "464 LINDEN AVE.", "CITY": "HARRODSBURG", "STATE": "KY", "ZIP": "40330", "TYPE": "CRITICAL ACCESS", "STATUS": "OPEN", "BEDS": 25, "TRAUMA": "LEVEL IV" }, "geometry": { "type": "Point", "coordinates": [ -84.848739113, 37.757063877000135 ] } },
{ "type": "Feature", "properties": { "NAME": "BAPTIST HEALTH MADISONVILLE", "ADDRESS": "900 HOSPITAL DRIVE", "CITY": "MADISONVILLE", "STATE": "KY", "ZIP": "42431", "TYPE": "GENERAL ACUTE CARE", "STATUS": "OPEN", "BEDS": 390, "TRAUMA": "NOT AVAILABLE" }, "geometry": { "type": "Point", "coordinates": [ -87.493349446, 37.340597841000026 ] } },
{ "type": "Feature", "properties": { "NAME": "STEWARD HILLSIDE REHABILITATION HOSPITAL", "ADDRESS": "8747 SQUIRES LANE NE", "CITY": "WARREN", "STATE": "OH", "ZIP": "44484", "TYPE": "REHABILITATION", "STATUS": "OPEN", "BEDS": 69, "TRAUMA": "NOT AVAILABLE" }, "geometry": { "type": "Point", "coordinates": [ -80.732462101, 41.25075353699998 ] } },
{ "type": "Feature", "properties": { "NAME": "SELECT SPECIALTY HOSPITAL - YOUNGSTOWN", "ADDRESS": "1044 BELMONT AVE", "CITY": "YOUNGSTOWN", "STATE": "OH", "ZIP": "44501", "TYPE": "LONG TERM CARE", "STATUS": "OPEN", "BEDS": 31, "TRAUMA": "NOT AVAILABLE" }, "geometry": { "type": "Point", "coordinates": [ -80.658406384000017, 41.113934186000108 ] } },
{ "type": "Feature", "properties": { "NAME": "FRANCISCAN ST FRANCIS HEALTH - CARMEL", "ADDRESS": "12188 B NORTH MERIDIAN STREET", "CITY": "CARMEL", "STATE": "IN", "ZIP": "46032", "TYPE": "GENERAL ACUTE CARE", "STATUS": "OPEN", "BEDS": 6, "TRAUMA": "NOT AVAILABLE" }, "geometry": { "type": "Point", "coordinates": [ -86.158707019, 39.96803205399997 ] } },
{ "type": "Feature", "properties": { "NAME": "ESKENAZI HEALTH", "ADDRESS": "720 ESKENAZI AVENUE", "CITY": "INDIANAPOLIS", "STATE": "IN", "ZIP": "46254", "TYPE": "GENERAL ACUTE CARE", "STATUS": "OPEN", "BEDS": 337, "TRAUMA": "LEVEL I" }, "geometry": { "type": "Point", "coordinates": [ -86.183985886, 39.777882758000068 ] } },
{ "type": "Feature", "properties": { "NAME": "INDIANA UNIVERSITY HEALTH TRANSPLANT", "ADDRESS": "1701 N SENATE BLVD", "CITY": "INDIANAPOLIS", "STATE": "IN", "ZIP": "46202", "TYPE": "GENERAL ACUTE CARE", "STATUS": "OPEN", "BEDS": 1244, "TRAUMA": "LEVEL I" }, "geometry": { "type": "Point", "coordinates": [ -86.163100641, 39.789801114999953 ] } },
{ "type": "Feature", "properties": { "NAME": "O'BLENESS MEMORIAL HOSPITAL", "ADDRESS": "55 HOSPITAL DRIVE", "CITY": "ATHENS", "STATE": "OH", "ZIP": "45701", "TYPE": "GENERAL ACUTE CARE", "STATUS": "OPEN", "BEDS": 132, "TRAUMA": "NOT AVAILABLE" }, "geometry": { "type": "Point", "coordinates": [ -82.115433977999899, 39.327952657 ] } },
{ "type": "Feature", "properties": { "NAME": "MCCULLOUGH-HYDE MEMORIAL HOSPITAL", "ADDRESS": "110 NORTH POPLAR STREET", "CITY": "OXFORD", "STATE": "OH", "ZIP": "45056", "TYPE": "GENERAL ACUTE CARE", "STATUS": "OPEN", "BEDS": 70, "TRAUMA": "NOT AVAILABLE" }, "geometry": { "type": "Point", "coordinates": [ -84.74153696, 39.512596159000097 ] } },
{ "type": "Feature", "properties": { "NAME": "MERCY MEDICAL CENTER", "ADDRESS": "1345 FOUNTAIN BLVD", "CITY": "SPRINGFIELD", "STATE": "OH", "ZIP": "45504", "TYPE": "GENERAL ACUTE CARE", "STATUS": "CLOSED", "BEDS": -999, "TRAUMA": "NOT AVAILABLE" }, "geometry": { "type": "Point", "coordinates": [ -83.811341856, 39.940974693000022 ] } },
{ "type": "Feature", "properties": { "NAME": "COSHOCTON COUNTY MEMORIAL HOSPITAL", "ADDRESS": "1460 ORANGE STREET", "CITY": "COSHOCTON", "STATE": "OH", "ZIP": "43812", "TYPE": "GENERAL ACUTE CARE", "STATUS": "OPEN", "BEDS": 56, "TRAUMA": "NOT AVAILABLE" }, "geometry": { "type": "Point", "coordinates": [ -81.847763668, 40.270846382000066 ] } },
{ "type": "Feature", "properties": { "NAME": "WAYNE HOSPITAL", "ADDRESS": "835 SWEITZER STREET", "CITY": "GREENVILLE", "STATE": "OH", "ZIP": "45331", "TYPE": "GENERAL ACUTE CARE", "STATUS": "OPEN", "BEDS": 104, "TRAUMA": "NOT AVAILABLE" }, "geometry": { "type": "Point", "coordinates": [ -84.634741097, 40.089291772000024 ] } },
{ "type": "Feature", "properties": { "NAME": "GRADY MEMORIAL HOSPITAL", "ADDRESS": "561 WEST CENTRAL AVENUE", "CITY": "DELAWARE", "STATE": "OH", "ZIP": "43015", "TYPE": "GENERAL ACUTE CARE", "STATUS": "OPEN", "BEDS": 152, "TRAUMA": "NOT AVAILABLE" }, "geometry": { "type": "Point", "coordinates": [ -83.089252856, 40.305514024000026 ] } },
{ "type": "Feature", "properties": { "NAME": "DUBLIN SPRINGS", "ADDRESS": "7625 HOSPITAL DRIVE", "CITY": "DUBLIN", "STATE": "OH", "ZIP": "43016", "TYPE": "PSYCHIATRIC", "STATUS": "OPEN", "BEDS": 72, "TRAUMA": "NOT AVAILABLE" }, "geometry": { "type": "Point", "coordinates": [ -83.170971659, 40.103815939000121 ] } },
{ "type": "Feature", "properties": { "NAME": "CAMBRIDGE BEHAVORIAL HOSPITAL", "ADDRESS": "66755 STATE STREET", "CITY": "CAMBRIDGE", "STATE": "OH", "ZIP": "43725", "TYPE": "PSYCHIATRIC", "STATUS": "OPEN", "BEDS": 66, "TRAUMA": "NOT AVAILABLE" }, "geometry": { "type": "Point", "coordinates": [ -81.582060309, 40.066895839000018 ] } },
{ "type": "Feature", "properties": { "NAME": "SOUTHEASTERN OHIO REGIONAL MEDICAL CENTER", "ADDRESS": "1341 NORTH CLARK STREET", "CITY": "CAMBRIDGE", "STATE": "OH", "ZIP": "43725", "TYPE": "GENERAL ACUTE CARE", "STATUS": "OPEN", "BEDS": 189, "TRAUMA": "NOT AVAILABLE" }, "geometry": { "type": "Point", "coordinates": [ -81.577392335999917, 40.041473187000086 ] } },
{ "type": "Feature", "properties": { "NAME": "CHILDREN'S HOSPITAL MC - COLLEGE HILL", "ADDRESS": "5642 HAMILTON AVENUE", "CITY": "CINCINNATI", "STATE": "OH", "ZIP": "45224", "TYPE": "PSYCHIATRIC", "STATUS": "OPEN", "BEDS": 74, "TRAUMA": "NOT AVAILABLE" }, "geometry": { "type": "Point", "coordinates": [ -84.543876447999907, 39.192633944000072 ] } },
{ "type": "Feature", "properties": { "NAME": "JEWISH HOSPITAL, LLC", "ADDRESS": "4777 EAST GALBRAITH ROAD", "CITY": "CINCINNATI", "STATE": "OH", "ZIP": "45236", "TYPE": "GENERAL ACUTE CARE", "STATUS": "OPEN", "BEDS": 209, "TRAUMA": "NOT AVAILABLE" }, "geometry": { "type": "Point", "coordinates": [ -84.38094165, 39.205950979000129 ] } },
{ "type": "Feature", "properties": { "NAME": "DRAKE CENTER FOR POST-ACUTE CARE, LLC", "ADDRESS": "2139 AUBURN AVENUE", "CITY": "CINCINNATI", "STATE": "OH", "ZIP": "45219", "TYPE": "LONG TERM CARE", "STATUS": "OPEN", "BEDS": 30, "TRAUMA": "NOT AVAILABLE" }, "geometry": { "type": "Point", "coordinates": [ -84.510407282, 39.121299406999988 ] } },
{ "type": "Feature", "properties": { "NAME": "CINCINNATI VA MEDICAL CENTER", "ADDRESS": "3200 VINE STREET", "CITY": "CINCINNATI", "STATE": "OH", "ZIP": "45220", "TYPE": "MILITARY", "STATUS": "OPEN", "BEDS": 268, "TRAUMA": "NOT AVAILABLE" }, "geometry": { "type": "Point", "coordinates": [ -84.508194552, 39.139413643000097 ] } },
{ "type": "Feature", "properties": { "NAME": "RIVERVIEW HEALTH INSTITUTE", "ADDRESS": "ONE ELIZABETH PLACE", "CITY": "DAYTON", "STATE": "OH", "ZIP": "45417", "TYPE": "GENERAL ACUTE CARE", "STATUS": "OPEN", "BEDS": 12, "TRAUMA": "NOT AVAILABLE" }, "geometry": { "type": "Point", "coordinates": [ -84.19940099, 39.748248080000096 ] } },
{ "type": "Feature", "properties": { "NAME": "SYCAMORE MEDICAL CENTER", "ADDRESS": "4000 MIAMISBURG-CENTERVILLE ROAD", "CITY": "MIAMISBURG", "STATE": "OH", "ZIP": "45342", "TYPE": "GENERAL ACUTE CARE", "STATUS": "OPEN", "BEDS": 108, "TRAUMA": "NOT AVAILABLE" }, "geometry": { "type": "Point", "coordinates": [ -84.249272494, 39.637702931000028 ] } },
{ "type": "Feature", "properties": { "NAME": "GOOD SAMARITAN HOSPITAL", "ADDRESS": "2222 PHILADELPHIA DRIVE", "CITY": "DAYTON", "STATE": "OH", "ZIP": "45406", "TYPE": "GENERAL ACUTE CARE", "STATUS": "OPEN", "BEDS": 491, "TRAUMA": "NOT AVAILABLE" }, "geometry": { "type": "Point", "coordinates": [ -84.23333439, 39.787551338000128 ] } },
{ "type": "Feature", "properties": { "NAME": "MORROW COUNTY HOSPITAL", "ADDRESS": "651 WEST MARION ROAD", "CITY": "MOUNT GILEAD", "STATE": "OH", "ZIP": "43338", "TYPE": "CRITICAL ACCESS", "STATUS": "OPEN", "BEDS": 22, "TRAUMA": "NOT AVAILABLE" }, "geometry": { "type": "Point", "coordinates": [ -82.850406603, 40.547981168 ] } },
{ "type": "Feature", "properties": { "NAME": "OHIOHEALTH SHELBY HOSPITAL", "ADDRESS": "199 WEST MAIN STREET", "CITY": "SHELBY", "STATE": "OH", "ZIP": "44875", "TYPE": "CRITICAL ACCESS", "STATUS": "OPEN", "BEDS": 40, "TRAUMA": "NOT AVAILABLE" }, "geometry": { "type": "Point", "coordinates": [ -82.674175077, 40.882406732000049 ] } },
{ "type": "Feature", "properties": { "NAME": "ADENA REGIONAL MEDICAL CENTER", "ADDRESS": "272 HOSPITAL ROAD", "CITY": "CHILLICOTHE", "STATE": "OH", "ZIP": "45601", "TYPE": "GENERAL ACUTE CARE", "STATUS": "OPEN", "BEDS": 261, "TRAUMA": "NOT AVAILABLE" }, "geometry": { "type": "Point", "coordinates": [ -82.967616108999906, 39.396497774000117 ] } },
{ "type": "Feature", "properties": { "NAME": "MARGARET MARY HEALTH", "ADDRESS": "321 MITCHELL AVE", "CITY": "BATESVILLE", "STATE": "IN", "ZIP": "47006", "TYPE": "CRITICAL ACCESS", "STATUS": "OPEN", "BEDS": 25, "TRAUMA": "NOT AVAILABLE" }, "geometry": { "type": "Point", "coordinates": [ -85.222526188, 39.305024896000106 ] } },
{ "type": "Feature", "properties": { "NAME": "COMMUNITY MENTAL HEALTH CENTER INC", "ADDRESS": "285 BIELBY RD", "CITY": "LAWRENCEBURG", "STATE": "IN", "ZIP": "47025", "TYPE": "PSYCHIATRIC", "STATUS": "OPEN", "BEDS": 16, "TRAUMA": "NOT AVAILABLE" }, "geometry": { "type": "Point", "coordinates": [ -84.882533918, 39.109798476 ] } },
{ "type": "Feature", "properties": { "NAME": "DAVIESS COMMUNITY HOSPITAL", "ADDRESS": "1314 E WALNUT ST", "CITY": "WASHINGTON", "STATE": "IN", "ZIP": "47501", "TYPE": "GENERAL ACUTE CARE", "STATUS": "OPEN", "BEDS": 80, "TRAUMA": "NOT AVAILABLE" }, "geometry": { "type": "Point", "coordinates": [ -87.159752398, 38.659613843000024 ] } },
{ "type": "Feature", "properties": { "NAME": "ENCOMPASS HEALTH DEACONESS HOSPITAL INC", "ADDRESS": "600 MARY ST", "CITY": "EVANSVILLE", "STATE": "IN", "ZIP": "47747", "TYPE": "GENERAL ACUTE CARE", "STATUS": "OPEN", "BEDS": 509, "TRAUMA": "LEVEL II" }, "geometry": { "type": "Point", "coordinates": [ -87.571106776, 37.98373954099997 ] } },
{ "type": "Feature", "properties": { "NAME": "EVANSVILLE STATE HOSPITAL", "ADDRESS": "3400 LINCOLN AVENUE", "CITY": "EVANSVILLE", "STATE": "IN", "ZIP": "47714", "TYPE": "PSYCHIATRIC", "STATUS": "OPEN", "BEDS": 168, "TRAUMA": "NOT AVAILABLE" }, "geometry": { "type": "Point", "coordinates": [ -87.501553708, 37.9728535570001 ] } },
{ "type": "Feature", "properties": { "NAME": "HAMILTON CENTER INC", "ADDRESS": "620 8TH AVE", "CITY": "TERRE HAUTE", "STATE": "IN", "ZIP": "47804", "TYPE": "PSYCHIATRIC", "STATUS": "OPEN", "BEDS": 16, "TRAUMA": "NOT AVAILABLE" }, "geometry": { "type": "Point", "coordinates": [ -87.409983622, 39.485410862000052 ] } },
{ "type": "Feature", "properties": { "NAME": "INDIANA UNIVERSITY HEALTH BALL MEMORIAL HOSPITAL", "ADDRESS": "2401 UNIVERSITY AVE", "CITY": "MUNCIE", "STATE": "IN", "ZIP": "47303", "TYPE": "GENERAL ACUTE CARE", "STATUS": "OPEN", "BEDS": 379, "TRAUMA": "LEVEL III" }, "geometry": { "type": "Point", "coordinates": [ -85.415555943, 40.196777534000013 ] } },
{ "type": "Feature", "properties": { "NAME": "INDIANA UNIVERSITY HEALTH MORGAN HOSPITAL INC", "ADDRESS": "2209 JOHN R WOODEN DR", "CITY": "MARTINSVILLE", "STATE": "IN", "ZIP": "46151", "TYPE": "GENERAL ACUTE CARE", "STATUS": "OPEN", "BEDS": 92, "TRAUMA": "NOT AVAILABLE" }, "geometry": { "type": "Point", "coordinates": [ -86.404838995, 39.425895740000016 ] } },
{ "type": "Feature", "properties": { "NAME": "BRENTWOOD MEADOWS LLC", "ADDRESS": "4488 ROSLIN RD", "CITY": "NEWBURGH", "STATE": "IN", "ZIP": "47630", "TYPE": "PSYCHIATRIC", "STATUS": "OPEN", "BEDS": 48, "TRAUMA": "NOT AVAILABLE" }, "geometry": { "type": "Point", "coordinates": [ -87.331528503, 37.992909968000014 ] } },
{ "type": "Feature", "properties": { "NAME": "COMMUNITY HEALTH NETWORK REHABILITATION SOUTH", "ADDRESS": "607 S GREENWOOD SPRINGS DR", "CITY": "GREENWOOD", "STATE": "IN", "ZIP": "46143", "TYPE": "LONG TERM CARE", "STATUS": "OPEN", "BEDS": 52, "TRAUMA": "NOT AVAILABLE" }, "geometry": { "type": "Point", "coordinates": [ -86.075593297, 39.629988801000017 ] } },
{ "type": "Feature", "properties": { "NAME": "INDIANA UNIVERSITY HEALTH TIPTON HOSPITAL INC", "ADDRESS": "1000 S MAIN ST", "CITY": "TIPTON", "STATE": "IN", "ZIP": "46072", "TYPE": "CRITICAL ACCESS", "STATUS": "OPEN", "BEDS": 25, "TRAUMA": "NOT AVAILABLE" }, "geometry": { "type": "Point", "coordinates": [ -86.042162253, 40.271930354000084 ] } },
{ "type": "Feature", "properties": { "NAME": "MARION GENERAL HOSPITAL", "ADDRESS": "441 N WABASH AVE", "CITY": "MARION", "STATE": "IN", "ZIP": "46952", "TYPE": "GENERAL ACUTE CARE", "STATUS": "OPEN", "BEDS": 97, "TRAUMA": "NOT AVAILABLE" }, "geometry": { "type": "Point", "coordinates": [ -85.664163259, 40.563695203000115 ] } },
{ "type": "Feature", "properties": { "NAME": "SUMMA HEALTH SYSTEM BARBERTON HOSPITAL", "ADDRESS": "155 5TH STREET N E", "CITY": "BARBERTON", "STATE": "OH", "ZIP": "44203", "TYPE": "GENERAL ACUTE CARE", "STATUS": "OPEN", "BEDS": 271, "TRAUMA": "NOT AVAILABLE" }, "geometry": { "type": "Point", "coordinates": [ -81.5889978229999, 41.015071331000101 ] } },
{ "type": "Feature", "properties": { "NAME": "FAYETTE REGIONAL HEALTH SYSTEM", "ADDRESS": "1941 VIRGINIA AVE", "CITY": "CONNERSVILLE", "STATE": "IN", "ZIP": "47331", "TYPE": "GENERAL ACUTE CARE", "STATUS": "OPEN", "BEDS": 99, "TRAUMA": "NOT AVAILABLE" }, "geometry": { "type": "Point", "coordinates": [ -85.132660997999906, 39.656238175000084 ] } },
{ "type": "Feature", "properties": { "NAME": "REGENCY HOSPITAL OF AKRON", "ADDRESS": "155 FIFTH STREET, NE", "CITY": "BARBERTON", "STATE": "OH", "ZIP": "44203", "TYPE": "LONG TERM CARE", "STATUS": "OPEN", "BEDS": 45, "TRAUMA": "NOT AVAILABLE" }, "geometry": { "type": "Point", "coordinates": [ -81.589116796, 41.014583541 ] } },
{ "type": "Feature", "properties": { "NAME": "LARUE D CARTER MEMORIAL HOSPITAL", "ADDRESS": "2601 COLD SPRING RD", "CITY": "INDIANAPOLIS", "STATE": "IN", "ZIP": "46222", "TYPE": "PSYCHIATRIC", "STATUS": "OPEN", "BEDS": 159, "TRAUMA": "NOT AVAILABLE" }, "geometry": { "type": "Point", "coordinates": [ -86.201292048, 39.802493552000023 ] } },
{ "type": "Feature", "properties": { "NAME": "BAPTIST HEALTH FLOYD", "ADDRESS": "1850 STATE ST", "CITY": "NEW ALBANY", "STATE": "IN", "ZIP": "47150", "TYPE": "GENERAL ACUTE CARE", "STATUS": "OPEN", "BEDS": 225, "TRAUMA": "NOT AVAILABLE" }, "geometry": { "type": "Point", "coordinates": [ -85.834335192, 38.301364385999982 ] } },
{ "type": "Feature", "properties": { "NAME": "PHYSICIANS' MEDICAL CENTER LLC", "ADDRESS": "4023 REAS LN", "CITY": "NEW ALBANY", "STATE": "IN", "ZIP": "47150", "TYPE": "SPECIAL", "STATUS": "OPEN", "BEDS": 12, "TRAUMA": "NOT AVAILABLE" }, "geometry": { "type": "Point", "coordinates": [ -85.827989949, 38.339954128999963 ] } },
{ "type": "Feature", "properties": { "NAME": "CORRY MEMORIAL HOSPITAL", "ADDRESS": "612 WEST SMITH STREET", "CITY": "CORRY", "STATE": "PA", "ZIP": "16407", "TYPE": "GENERAL ACUTE CARE", "STATUS": "CLOSED", "BEDS": 35, "TRAUMA": "NOT AVAILABLE" }, "geometry": { "type": "Point", "coordinates": [ -79.653311999, 41.924613001000125 ] } },
{ "type": "Feature", "properties": { "NAME": "ST. VINCENT ANDERSON REGIONAL HOSPITAL", "ADDRESS": "2015 JACKSON ST", "CITY": "ANDERSON", "STATE": "IN", "ZIP": "46016", "TYPE": "GENERAL ACUTE CARE", "STATUS": "OPEN", "BEDS": 195, "TRAUMA": "LEVEL III" }, "geometry": { "type": "Point", "coordinates": [ -85.681305944, 40.095484936 ] } },
{ "type": "Feature", "properties": { "NAME": "METHODIST HOSPITAL UNION COUNTY", "ADDRESS": "4604 U.S. HWY. 60W", "CITY": "MORGANFIELD", "STATE": "KY", "ZIP": "42437", "TYPE": "GENERAL ACUTE CARE", "STATUS": "OPEN", "BEDS": 25, "TRAUMA": "LEVEL IV" }, "geometry": { "type": "Point", "coordinates": [ -87.94765598, 37.628796461 ] } },
{ "type": "Feature", "properties": { "NAME": "JEWISH HOSPITAL SHELBYVILLE", "ADDRESS": "727 HOSPITAL DRIVE", "CITY": "SHELBYVILLE", "STATE": "KY", "ZIP": "40065", "TYPE": "GENERAL ACUTE CARE", "STATUS": "OPEN", "BEDS": 70, "TRAUMA": "NOT AVAILABLE" }, "geometry": { "type": "Point", "coordinates": [ -85.23592218, 38.209027706000029 ] } },
{ "type": "Feature", "properties": { "NAME": "THE MEDICAL CENTER AT FRANKLIN", "ADDRESS": "1100 BROOKHAVEN ROAD", "CITY": "FRANKLIN", "STATE": "KY", "ZIP": "42134", "TYPE": "GENERAL ACUTE CARE", "STATUS": "OPEN", "BEDS": 25, "TRAUMA": "NOT AVAILABLE" }, "geometry": { "type": "Point", "coordinates": [ -86.576828386, 36.700017579000153 ] } },
{ "type": "Feature", "properties": { "NAME": "THOMAS MEMORIAL HOSPITAL", "ADDRESS": "4605 MACCORKLE AVE SW", "CITY": "SOUTH CHARLESTON", "STATE": "WV", "ZIP": "25309", "TYPE": "GENERAL ACUTE CARE", "STATUS": "OPEN", "BEDS": 241, "TRAUMA": "LEVEL IV" }, "geometry": { "type": "Point", "coordinates": [ -81.726866523, 38.354865105 ] } },
{ "type": "Feature", "properties": { "NAME": "UNITED HOSPITAL CENTER", "ADDRESS": "327 MEDICAL PARK DRIVE", "CITY": "BRIDGEPORT", "STATE": "WV", "ZIP": "26330", "TYPE": "GENERAL ACUTE CARE", "STATUS": "OPEN", "BEDS": 292, "TRAUMA": "LEVEL IV" }, "geometry": { "type": "Point", "coordinates": [ -80.23946, 39.32831 ] } },
{ "type": "Feature", "properties": { "NAME": "CAMC MEMORIAL HOSPITAL", "ADDRESS": "3200 MACCORKLE AVE SE", "CITY": "CHARLESTON", "STATE": "WV", "ZIP": "25304", "TYPE": "GENERAL ACUTE CARE", "STATUS": "OPEN", "BEDS": -999, "TRAUMA": "LEVEL IV" }, "geometry": { "type": "Point", "coordinates": [ -81.602948596, 38.329726136 ] } },
{ "type": "Feature", "properties": { "NAME": "RICHLAND MEMORIAL HOSPITAL", "ADDRESS": "800 EAST LOCUST", "CITY": "OLNEY", "STATE": "IL", "ZIP": "62450", "TYPE": "GENERAL ACUTE CARE", "STATUS": "OPEN", "BEDS": 90, "TRAUMA": "NOT AVAILABLE" }, "geometry": { "type": "Point", "coordinates": [ -88.077172888999897, 38.736543571000034 ] } },
{ "type": "Feature", "properties": { "NAME": "CUMBERLAND HALL HOSPITAL", "ADDRESS": "270 WALTON WAY", "CITY": "HOPKINSVILLE", "STATE": "KY", "ZIP": "42240", "TYPE": "PSYCHIATRIC", "STATUS": "OPEN", "BEDS": 97, "TRAUMA": "NOT AVAILABLE" }, "geometry": { "type": "Point", "coordinates": [ -87.468403327, 36.738251660000074 ] } },
{ "type": "Feature", "properties": { "NAME": "JENNIE STUART MEDICAL CENTER", "ADDRESS": "320 WEST 18TH STREET", "CITY": "HOPKINSVILLE", "STATE": "KY", "ZIP": "42241", "TYPE": "GENERAL ACUTE CARE", "STATUS": "OPEN", "BEDS": 194, "TRAUMA": "NOT AVAILABLE" }, "geometry": { "type": "Point", "coordinates": [ -87.494951248, 36.861187116000117 ] } },
{ "type": "Feature", "properties": { "NAME": "CHARLESTON SURGICAL HOSPITAL", "ADDRESS": "1306 KANAWHA BLVD E", "CITY": "CHARLESTON", "STATE": "WV", "ZIP": "25301", "TYPE": "GENERAL ACUTE CARE", "STATUS": "OPEN", "BEDS": 35, "TRAUMA": "NOT AVAILABLE" }, "geometry": { "type": "Point", "coordinates": [ -81.630054018, 38.343354733000105 ] } },
{ "type": "Feature", "properties": { "NAME": "OHIO VALLEY MEDICAL CENTER", "ADDRESS": "2000 EOFF STREET", "CITY": "WHEELING", "STATE": "WV", "ZIP": "26003", "TYPE": "GENERAL ACUTE CARE", "STATUS": "OPEN", "BEDS": 218, "TRAUMA": "NOT AVAILABLE" }, "geometry": { "type": "Point", "coordinates": [ -80.721680642, 40.060074578000147 ] } },
{ "type": "Feature", "properties": { "NAME": "RIVER VALLEY BEHAVIORAL HEALTH", "ADDRESS": "1000 INDUSTRIAL DRIVE", "CITY": "OWENSBORO", "STATE": "KY", "ZIP": "43202", "TYPE": "PSYCHIATRIC", "STATUS": "OPEN", "BEDS": 80, "TRAUMA": "NOT AVAILABLE" }, "geometry": { "type": "Point", "coordinates": [ -87.157643566, 37.784866924000028 ] } },
{ "type": "Feature", "properties": { "NAME": "WABASH GENERAL HOSPITAL", "ADDRESS": "1418 COLLEGE DRIVE", "CITY": "MOUNT CARMEL", "STATE": "IL", "ZIP": "62863", "TYPE": "CRITICAL ACCESS", "STATUS": "OPEN", "BEDS": 25, "TRAUMA": "NOT AVAILABLE" }, "geometry": { "type": "Point", "coordinates": [ -87.769388841, 38.420606927000094 ] } },
{ "type": "Feature", "properties": { "NAME": "KOSAIR CHILDREN'S HOSPITAL", "ADDRESS": "231 EAST CHESTNUT STREET", "CITY": "LOUISVILLE", "STATE": "KY", "ZIP": "40202", "TYPE": "CHILDREN", "STATUS": "OPEN", "BEDS": 271, "TRAUMA": "LEVEL I PEDIATRIC" }, "geometry": { "type": "Point", "coordinates": [ -85.74959418, 38.248470296999976 ] } },
{ "type": "Feature", "properties": { "NAME": "FAYETTE COUNTY MEMORIAL HOSPITAL", "ADDRESS": "1430 COLUMBUS AVENUE", "CITY": "WASHINGTON CH", "STATE": "OH", "ZIP": "43160", "TYPE": "CRITICAL ACCESS", "STATUS": "OPEN", "BEDS": 25, "TRAUMA": "NOT AVAILABLE" }, "geometry": { "type": "Point", "coordinates": [ -83.427094959, 39.54785693600008 ] } },
{ "type": "Feature", "properties": { "NAME": "NATIONWIDE CHILDREN'S HOSPITAL", "ADDRESS": "700 CHILDREN'S DRIVE", "CITY": "COLUMBUS", "STATE": "OH", "ZIP": "43205", "TYPE": "CHILDREN", "STATUS": "OPEN", "BEDS": 468, "TRAUMA": "LEVEL I PEDIATRIC" }, "geometry": { "type": "Point", "coordinates": [ -82.979524043, 39.952514119999968 ] } },
{ "type": "Feature", "properties": { "NAME": "OHIO HOSPITAL FOR PSYCHIATRY", "ADDRESS": "880 GREENLAWN AVENUE", "CITY": "COLUMBUS", "STATE": "OH", "ZIP": "43223", "TYPE": "PSYCHIATRIC", "STATUS": "OPEN", "BEDS": 90, "TRAUMA": "NOT AVAILABLE" }, "geometry": { "type": "Point", "coordinates": [ -83.020291763, 39.940678641 ] } },
{ "type": "Feature", "properties": { "NAME": "ACCESS HOSPITAL DAYTON, LLC", "ADDRESS": "2611 WAYNE AVENUE", "CITY": "DAYTON", "STATE": "OH", "ZIP": "45420", "TYPE": "PSYCHIATRIC", "STATUS": "OPEN", "BEDS": 110, "TRAUMA": "NOT AVAILABLE" }, "geometry": { "type": "Point", "coordinates": [ -84.154228142, 39.736012125999984 ] } },
{ "type": "Feature", "properties": { "NAME": "SHRINERS HOSPITALS FOR CHILDREN - CINCINNATI", "ADDRESS": "3229 BURNETT AVENUE", "CITY": "CINCINNATI", "STATE": "OH", "ZIP": "45229", "TYPE": "CHILDREN", "STATUS": "OPEN", "BEDS": 30, "TRAUMA": "NOT AVAILABLE" }, "geometry": { "type": "Point", "coordinates": [ -84.501273967, 39.137267881000128 ] } },
{ "type": "Feature", "properties": { "NAME": "WOODS AT PARKSIDE,THE", "ADDRESS": "349 OLDE RIDENOUR ROAD", "CITY": "COLUMBUS", "STATE": "OH", "ZIP": "43230", "TYPE": "SPECIAL", "STATUS": "OPEN", "BEDS": 50, "TRAUMA": "NOT AVAILABLE" }, "geometry": { "type": "Point", "coordinates": [ -82.8818433389999, 40.027142695000144 ] } },
{ "type": "Feature", "properties": { "NAME": "DAYTON CHILDREN'S HOSPITAL", "ADDRESS": "ONE CHILDRENS PLAZA", "CITY": "DAYTON", "STATE": "OH", "ZIP": "45404", "TYPE": "CHILDREN", "STATUS": "OPEN", "BEDS": 155, "TRAUMA": "LEVEL II PEDIATRIC" }, "geometry": { "type": "Point", "coordinates": [ -84.168027334, 39.774242487000031 ] } },
{ "type": "Feature", "properties": { "NAME": "KINDRED HOSPITAL INDIANAPOLIS", "ADDRESS": "8060 KNUE ROAD", "CITY": "INDIANAPOLIS", "STATE": "IN", "ZIP": "46250", "TYPE": "LONG TERM CARE", "STATUS": "OPEN", "BEDS": 45, "TRAUMA": "NOT AVAILABLE" }, "geometry": { "type": "Point", "coordinates": [ -86.060493489, 39.902117799000116 ] } },
{ "type": "Feature", "properties": { "NAME": "RICHARD L. ROUDEBUSH VA MEDICAL CENTER", "ADDRESS": "1481 W 10TH ST", "CITY": "INDIANAPOLIS", "STATE": "IN", "ZIP": "46202", "TYPE": "MILITARY", "STATUS": "OPEN", "BEDS": 197, "TRAUMA": "NOT AVAILABLE" }, "geometry": { "type": "Point", "coordinates": [ -86.18716442, 39.778463061000018 ] } },
{ "type": "Feature", "properties": { "NAME": "VA MEDICAL CENTER - H.J. HEINZ CAMPUS", "ADDRESS": "1010 DELAFIELD RD", "CITY": "PITTSBURGH", "STATE": "PA", "ZIP": "15215", "TYPE": "MILITARY", "STATUS": "OPEN", "BEDS": 358, "TRAUMA": "NOT AVAILABLE" }, "geometry": { "type": "Point", "coordinates": [ -79.887349556999894, 40.49517152900011 ] } },
{ "type": "Feature", "properties": { "NAME": "ANNA HOSPITAL CORPORATION - DBA UNION COUNTY HOSPITAL", "ADDRESS": "517 NORTH MAIN STREET", "CITY": "ANNA", "STATE": "IL", "ZIP": "62906", "TYPE": "CRITICAL ACCESS", "STATUS": "OPEN", "BEDS": 47, "TRAUMA": "NOT AVAILABLE" }, "geometry": { "type": "Point", "coordinates": [ -89.2455412, 37.465026628000039 ] } },
{ "type": "Feature", "properties": { "NAME": "MERIDIAN SERVICES CORP", "ADDRESS": "2401 W UNIVERSITY AVE", "CITY": "MUNCIE", "STATE": "IN", "ZIP": "47303", "TYPE": "PSYCHIATRIC", "STATUS": "OPEN", "BEDS": 16, "TRAUMA": "NOT AVAILABLE" }, "geometry": { "type": "Point", "coordinates": [ -85.414812362, 40.196783483 ] } },
{ "type": "Feature", "properties": { "NAME": "HARDIN MEMORIAL HOSPITAL", "ADDRESS": "913 N DIXIE AVENUE", "CITY": "ELIZABETHTOWN", "STATE": "KY", "ZIP": "42701", "TYPE": "GENERAL ACUTE CARE", "STATUS": "OPEN", "BEDS": 285, "TRAUMA": "NOT AVAILABLE" }, "geometry": { "type": "Point", "coordinates": [ -85.876296328, 37.709944099999959 ] } },
{ "type": "Feature", "properties": { "NAME": "ENCOMPASS HEALTH REHABILITATION HOSPITAL OF NORTHERN KENTUCKY", "ADDRESS": "201 MEDICAL VILLAGE DRIVE", "CITY": "EDGEWOOD", "STATE": "KY", "ZIP": "41017", "TYPE": "REHABILITATION", "STATUS": "OPEN", "BEDS": 51, "TRAUMA": "NOT AVAILABLE" }, "geometry": { "type": "Point", "coordinates": [ -84.566615194999898, 39.012612266000119 ] } },
{ "type": "Feature", "properties": { "NAME": "OHIO COUNTY HOSPITAL", "ADDRESS": "1211 OLD MAIN ST.", "CITY": "HARTFORD", "STATE": "KY", "ZIP": "42347", "TYPE": "CRITICAL ACCESS", "STATUS": "OPEN", "BEDS": 25, "TRAUMA": "NOT AVAILABLE" }, "geometry": { "type": "Point", "coordinates": [ -86.896447684999899, 37.448466984999968 ] } },
{ "type": "Feature", "properties": { "NAME": "ADAMS COUNTY REGIONAL MEDICAL CENTER", "ADDRESS": "230 MEDICAL CENTER DRIVE", "CITY": "SEAMAN", "STATE": "OH", "ZIP": "45679", "TYPE": "CRITICAL ACCESS", "STATUS": "OPEN", "BEDS": 25, "TRAUMA": "NOT AVAILABLE" }, "geometry": { "type": "Point", "coordinates": [ -83.584596968, 38.934119519999982 ] } },
{ "type": "Feature", "properties": { "NAME": "MENTAL HEALTH SERVICES FOR CLARK AND MADISON COS", "ADDRESS": "474 NORTH YELLOW SPRINGS STREET", "CITY": "SPRINGFIELD", "STATE": "OH", "ZIP": "45504", "TYPE": "PSYCHIATRIC", "STATUS": "OPEN", "BEDS": 16, "TRAUMA": "NOT AVAILABLE" }, "geometry": { "type": "Point", "coordinates": [ -83.817971553, 39.931139842000114 ] } },
{ "type": "Feature", "properties": { "NAME": "MERCY HOSPITAL CLERMONT", "ADDRESS": "3000 HOSPITAL DRIVE", "CITY": "BATAVIA", "STATE": "OH", "ZIP": "45103", "TYPE": "GENERAL ACUTE CARE", "STATUS": "OPEN", "BEDS": 148, "TRAUMA": "NOT AVAILABLE" }, "geometry": { "type": "Point", "coordinates": [ -84.144528188, 39.080499895000145 ] } },
{ "type": "Feature", "properties": { "NAME": "SALEM REGIONAL MEDICAL CENTER", "ADDRESS": "1995 EAST STATE STREET", "CITY": "SALEM", "STATE": "OH", "ZIP": "44460", "TYPE": "GENERAL ACUTE CARE", "STATUS": "OPEN", "BEDS": 199, "TRAUMA": "NOT AVAILABLE" }, "geometry": { "type": "Point", "coordinates": [ -80.832439409999907, 40.900491949000156 ] } },
{ "type": "Feature", "properties": { "NAME": "SPRINGFIELD REGIONAL MEDICAL CTR-ER", "ADDRESS": "100 MEDICAL CENTER DR", "CITY": "SPRINGFIELD", "STATE": "OH", "ZIP": "45504", "TYPE": "GENERAL ACUTE CARE", "STATUS": "OPEN", "BEDS": 230, "TRAUMA": "NOT AVAILABLE" }, "geometry": { "type": "Point", "coordinates": [ -83.816769179999895, 39.928750063999985 ] } },
{ "type": "Feature", "properties": { "NAME": "MT CARMEL NEW ALBANY SURGICAL HOSPITAL", "ADDRESS": "7333 SMITH'S MILL ROAD", "CITY": "NEW ALBANY", "STATE": "OH", "ZIP": "43054", "TYPE": "SPECIAL", "STATUS": "OPEN", "BEDS": 60, "TRAUMA": "NOT AVAILABLE" }, "geometry": { "type": "Point", "coordinates": [ -82.790199742, 40.086432472000098 ] } },
{ "type": "Feature", "properties": { "NAME": "MOUNT CARMEL ST ANN'S HOSPITAL", "ADDRESS": "500 SOUTH CLEVELAND AVENUE", "CITY": "WESTERVILLE", "STATE": "OH", "ZIP": "43081", "TYPE": "GENERAL ACUTE CARE", "STATUS": "OPEN", "BEDS": 392, "TRAUMA": "NOT AVAILABLE" }, "geometry": { "type": "Point", "coordinates": [ -82.946704905, 40.114809832999974 ] } },
{ "type": "Feature", "properties": { "NAME": "MEMORIAL HOSPITAL AND HEALTH CARE CENTER", "ADDRESS": "800 W 9TH ST", "CITY": "JASPER", "STATE": "IN", "ZIP": "47546", "TYPE": "GENERAL ACUTE CARE", "STATUS": "OPEN", "BEDS": 123, "TRAUMA": "LEVEL III" }, "geometry": { "type": "Point", "coordinates": [ -86.941229410999895, 38.395012169000047 ] } },
{ "type": "Feature", "properties": { "NAME": "VALLE VISTA HEALTH SYSTEM", "ADDRESS": "898 E MAIN ST", "CITY": "GREENWOOD", "STATE": "IN", "ZIP": "46143", "TYPE": "PSYCHIATRIC", "STATUS": "OPEN", "BEDS": 98, "TRAUMA": "NOT AVAILABLE" }, "geometry": { "type": "Point", "coordinates": [ -86.086413638, 39.615677874000014 ] } },
{ "type": "Feature", "properties": { "NAME": "ACUTE CARE SPECIALTY HOSPITAL - AULTMAN", "ADDRESS": "2000 SIXTH STREET", "CITY": "CANTON", "STATE": "OH", "ZIP": "44710", "TYPE": "LONG TERM CARE", "STATUS": "OPEN", "BEDS": 30, "TRAUMA": "NOT AVAILABLE" }, "geometry": { "type": "Point", "coordinates": [ -81.404029591, 40.796248234000124 ] } },
{ "type": "Feature", "properties": { "NAME": "COMMUNITY HEART AND VASCULAR HOSPITAL", "ADDRESS": "8075 N SHADELAND AVE", "CITY": "INDIANAPOLIS", "STATE": "IN", "ZIP": "46250", "TYPE": "GENERAL ACUTE CARE", "STATUS": "OPEN", "BEDS": 56, "TRAUMA": "NOT AVAILABLE" }, "geometry": { "type": "Point", "coordinates": [ -86.044681839, 39.901828836000128 ] } },
{ "type": "Feature", "properties": { "NAME": "MADISON STATE HOSPITAL", "ADDRESS": "711 GREEN RD", "CITY": "MADISON", "STATE": "IN", "ZIP": "47250", "TYPE": "PSYCHIATRIC", "STATUS": "OPEN", "BEDS": 150, "TRAUMA": "NOT AVAILABLE" }, "geometry": { "type": "Point", "coordinates": [ -85.401992921, 38.746061514000097 ] } },
{ "type": "Feature", "properties": { "NAME": "EXCELA HEALTH FRICK HOSPITAL", "ADDRESS": "508 SOUTH CHURCH STREET", "CITY": "MOUNT PLEASANT", "STATE": "PA", "ZIP": "15666", "TYPE": "GENERAL ACUTE CARE", "STATUS": "OPEN", "BEDS": 102, "TRAUMA": "NOT AVAILABLE" }, "geometry": { "type": "Point", "coordinates": [ -79.549295999, 40.145160001000114 ] } },
{ "type": "Feature", "properties": { "NAME": "LIFECARE BEHAVIORAL HEALTH HOSPITAL", "ADDRESS": "225 PENN AVENUE", "CITY": "PITTSBURGH", "STATE": "PA", "ZIP": "15221", "TYPE": "LONG TERM CARE", "STATUS": "OPEN", "BEDS": 283, "TRAUMA": "NOT AVAILABLE" }, "geometry": { "type": "Point", "coordinates": [ -79.891751999, 40.446735002 ] } },
{ "type": "Feature", "properties": { "NAME": "CLARION HOSPITAL", "ADDRESS": "ONE HOSPITAL DRIVE", "CITY": "CLARION", "STATE": "PA", "ZIP": "16214", "TYPE": "GENERAL ACUTE CARE", "STATUS": "OPEN", "BEDS": 82, "TRAUMA": "NOT AVAILABLE" }, "geometry": { "type": "Point", "coordinates": [ -79.397664001, 41.191989 ] } },
{ "type": "Feature", "properties": { "NAME": "PENN HIGHLANDS DUBOIS", "ADDRESS": "100 HOSPITAL AVENUE, PO BOX 447", "CITY": "DUBOIS", "STATE": "PA", "ZIP": "15801", "TYPE": "GENERAL ACUTE CARE", "STATUS": "OPEN", "BEDS": 214, "TRAUMA": "NOT AVAILABLE" }, "geometry": { "type": "Point", "coordinates": [ -78.77522539200001, 41.115018196999984 ] } },
{ "type": "Feature", "properties": { "NAME": "SAINT CATHERINE REGIONAL HOSPITAL", "ADDRESS": "2200 MARKET ST", "CITY": "CHARLESTOWN", "STATE": "IN", "ZIP": "47111", "TYPE": "GENERAL ACUTE CARE", "STATUS": "CLOSED", "BEDS": 64, "TRAUMA": "NOT AVAILABLE" }, "geometry": { "type": "Point", "coordinates": [ -85.670036755999902, 38.473937735999968 ] } },
{ "type": "Feature", "properties": { "NAME": "MERCY HOSPITAL ANDERSON", "ADDRESS": "7500 STATE ROAD", "CITY": "CINCINNATI", "STATE": "OH", "ZIP": "45255", "TYPE": "GENERAL ACUTE CARE", "STATUS": "OPEN", "BEDS": 226, "TRAUMA": "NOT AVAILABLE" }, "geometry": { "type": "Point", "coordinates": [ -84.348902933, 39.085685509 ] } },
{ "type": "Feature", "properties": { "NAME": "ST VINCENT SALEM HOSPITAL INC", "ADDRESS": "911 N SHELBY ST", "CITY": "SALEM", "STATE": "IN", "ZIP": "47167", "TYPE": "CRITICAL ACCESS", "STATUS": "OPEN", "BEDS": 25, "TRAUMA": "NOT AVAILABLE" }, "geometry": { "type": "Point", "coordinates": [ -86.107079115, 38.613268825000034 ] } },
{ "type": "Feature", "properties": { "NAME": "PIKE COMMUNITY HOSPITAL", "ADDRESS": "100 DAWN LANE", "CITY": "WAVERLY", "STATE": "OH", "ZIP": "45690", "TYPE": "CRITICAL ACCESS", "STATUS": "OPEN", "BEDS": 25, "TRAUMA": "NOT AVAILABLE" }, "geometry": { "type": "Point", "coordinates": [ -83.004186504, 39.116334582 ] } },
{ "type": "Feature", "properties": { "NAME": "ST VINCENT JENNINGS HOSPITAL INC", "ADDRESS": "301 HENRY ST", "CITY": "NORTH VERNON", "STATE": "IN", "ZIP": "47265", "TYPE": "CRITICAL ACCESS", "STATUS": "OPEN", "BEDS": 17, "TRAUMA": "NOT AVAILABLE" }, "geometry": { "type": "Point", "coordinates": [ -85.640988374, 39.01023019799996 ] } },
{ "type": "Feature", "properties": { "NAME": "MEDICAL CENTER AT ELIZABETH PLACE", "ADDRESS": "ONE ELIZABETH PLACE", "CITY": "DAYTON", "STATE": "OH", "ZIP": "45408", "TYPE": "GENERAL ACUTE CARE", "STATUS": "CLOSED", "BEDS": 26, "TRAUMA": "NOT AVAILABLE" }, "geometry": { "type": "Point", "coordinates": [ -84.199258099, 39.747017603000089 ] } },
{ "type": "Feature", "properties": { "NAME": "AKRON GENERAL MEDICAL CENTER", "ADDRESS": "1 AKRON GENERAL AVENUE", "CITY": "AKRON", "STATE": "OH", "ZIP": "44307", "TYPE": "GENERAL ACUTE CARE", "STATUS": "OPEN", "BEDS": 532, "TRAUMA": "LEVEL I" }, "geometry": { "type": "Point", "coordinates": [ -81.531396771999894, 41.078123172000041 ] } },
{ "type": "Feature", "properties": { "NAME": "CAMC WOMEN AND CHILDREN'S HOSPITAL", "ADDRESS": "800 PENNSYLVANIA AVE", "CITY": "CHARLESTON", "STATE": "WV", "ZIP": "25302", "TYPE": "WOMEN", "STATUS": "OPEN", "BEDS": -999, "TRAUMA": "LEVEL IV" }, "geometry": { "type": "Point", "coordinates": [ -81.638040679, 38.359055605999984 ] } },
{ "type": "Feature", "properties": { "NAME": "KENTUCKY RIVER MEDICAL CENTER", "ADDRESS": "540 JETT DRIVE", "CITY": "JACKSON", "STATE": "KY", "ZIP": "41339", "TYPE": "GENERAL ACUTE CARE", "STATUS": "OPEN", "BEDS": 55, "TRAUMA": "NOT AVAILABLE" }, "geometry": { "type": "Point", "coordinates": [ -83.369620641, 37.565887268999965 ] } },
{ "type": "Feature", "properties": { "NAME": "BRECKINRIDGE MEMORIAL HOSPITAL", "ADDRESS": "1011 OLD HWY 60", "CITY": "HARDINSBURG", "STATE": "KY", "ZIP": "40143", "TYPE": "CRITICAL ACCESS", "STATUS": "OPEN", "BEDS": 25, "TRAUMA": "NOT AVAILABLE" }, "geometry": { "type": "Point", "coordinates": [ -86.440390448, 37.766570137 ] } },
{ "type": "Feature", "properties": { "NAME": "LOGAN MEMORIAL HOSPITAL", "ADDRESS": "1625 NASHVILLE STREET", "CITY": "RUSSELLVILLE", "STATE": "KY", "ZIP": "42276", "TYPE": "GENERAL ACUTE CARE", "STATUS": "OPEN", "BEDS": 75, "TRAUMA": "NOT AVAILABLE" }, "geometry": { "type": "Point", "coordinates": [ -86.881501633000013, 36.815710006000067 ] } },
{ "type": "Feature", "properties": { "NAME": "ST. ELIZABETH FT. THOMAS", "ADDRESS": "85 NORTH GRAND AVENUE", "CITY": "FT. THOMAS", "STATE": "KY", "ZIP": "41075", "TYPE": "GENERAL ACUTE CARE", "STATUS": "OPEN", "BEDS": 178, "TRAUMA": "NOT AVAILABLE" }, "geometry": { "type": "Point", "coordinates": [ -84.467677507, 39.078660723 ] } },
{ "type": "Feature", "properties": { "NAME": "BAPTIST HEALTH PADUCAH", "ADDRESS": "2501 KENTUCKY AVENUE", "CITY": "PADUCAH", "STATE": "KY", "ZIP": "42003", "TYPE": "GENERAL ACUTE CARE", "STATUS": "OPEN", "BEDS": 349, "TRAUMA": "NOT AVAILABLE" }, "geometry": { "type": "Point", "coordinates": [ -88.626597193999899, 37.073759379000109 ] } },
{ "type": "Feature", "properties": { "NAME": "FAIRFIELD MEMORIAL HOSPITAL", "ADDRESS": "303 N W 11TH STREET", "CITY": "FAIRFIELD", "STATE": "IL", "ZIP": "62837", "TYPE": "CRITICAL ACCESS", "STATUS": "OPEN", "BEDS": 55, "TRAUMA": "NOT AVAILABLE" }, "geometry": { "type": "Point", "coordinates": [ -88.37526611, 38.38124819300004 ] } },
{ "type": "Feature", "properties": { "NAME": "ASSURANCE HEALTH PSYCHIATRIC HOSPITAL", "ADDRESS": "2725 ENTERPRISE DRIVE", "CITY": "ANDERSON", "STATE": "IN", "ZIP": "46013", "TYPE": "PSYCHIATRIC", "STATUS": "OPEN", "BEDS": 22, "TRAUMA": "NOT AVAILABLE" }, "geometry": { "type": "Point", "coordinates": [ -85.725053901, 40.03784388600009 ] } },
{ "type": "Feature", "properties": { "NAME": "CUMBERLAND COUNTY HOSPITAL", "ADDRESS": "299 GLASGOW ROAD", "CITY": "BURKESVILLE", "STATE": "KY", "ZIP": "42717", "TYPE": "CRITICAL ACCESS", "STATUS": "OPEN", "BEDS": 25, "TRAUMA": "NOT AVAILABLE" }, "geometry": { "type": "Point", "coordinates": [ -85.372962066, 36.796194579 ] } },
{ "type": "Feature", "properties": { "NAME": "MEMORIAL HOSPITAL INC", "ADDRESS": "210 MARIE LANGDON DRIVE", "CITY": "MANCHESTER", "STATE": "KY", "ZIP": "40962", "TYPE": "GENERAL ACUTE CARE", "STATUS": "OPEN", "BEDS": 49, "TRAUMA": "NOT AVAILABLE" }, "geometry": { "type": "Point", "coordinates": [ -83.762024017, 37.161977652000118 ] } },
{ "type": "Feature", "properties": { "NAME": "THE MEDICAL CENTER AT SCOTTSVILLE", "ADDRESS": "456 BURNLEY ROAD", "CITY": "SCOTTSVILLE", "STATE": "KY", "ZIP": "42164", "TYPE": "CRITICAL ACCESS", "STATUS": "OPEN", "BEDS": 25, "TRAUMA": "NOT AVAILABLE" }, "geometry": { "type": "Point", "coordinates": [ -86.2149691609999, 36.761475029000081 ] } },
{ "type": "Feature", "properties": { "NAME": "MCDOWELL ARH HOSPITAL", "ADDRESS": "9879 KENTUCKY ROUTE 122", "CITY": "MCDOWELL", "STATE": "KY", "ZIP": "41647", "TYPE": "CRITICAL ACCESS", "STATUS": "OPEN", "BEDS": 25, "TRAUMA": "NOT AVAILABLE" }, "geometry": { "type": "Point", "coordinates": [ -82.747207865999897, 37.456706463 ] } },
{ "type": "Feature", "properties": { "NAME": "ARH OUR LADY OF THE WAY", "ADDRESS": "11203 MAIN STREET", "CITY": "MARTIN", "STATE": "KY", "ZIP": "41649", "TYPE": "CRITICAL ACCESS", "STATUS": "OPEN", "BEDS": 25, "TRAUMA": "NOT AVAILABLE" }, "geometry": { "type": "Point", "coordinates": [ -82.750307752, 37.578824549999979 ] } },
{ "type": "Feature", "properties": { "NAME": "THE MEDICAL CENTER AT CAVERNA", "ADDRESS": "1501 S. DIXIE STREET", "CITY": "HORSE CAVE", "STATE": "KY", "ZIP": "42749", "TYPE": "CRITICAL ACCESS", "STATUS": "OPEN", "BEDS": 25, "TRAUMA": "NOT AVAILABLE" }, "geometry": { "type": "Point", "coordinates": [ -85.923038156, 37.161306148000108 ] } },
{ "type": "Feature", "properties": { "NAME": "OSU JAMES CANCER HOSPITAL & SOLOVE RESEARCH INSTITUTE", "ADDRESS": "300 WEST TENTH AVENUE", "CITY": "COLUMBUS", "STATE": "OH", "ZIP": "43210", "TYPE": "GENERAL ACUTE CARE", "STATUS": "OPEN", "BEDS": 306, "TRAUMA": "NOT AVAILABLE" }, "geometry": { "type": "Point", "coordinates": [ -83.01673059, 39.995582196000029 ] } },
{ "type": "Feature", "properties": { "NAME": "DRAKE CENTER INC", "ADDRESS": "151 WEST GALBRAITH ROAD", "CITY": "CINCINNATI", "STATE": "OH", "ZIP": "45216", "TYPE": "LONG TERM CARE", "STATUS": "OPEN", "BEDS": 316, "TRAUMA": "NOT AVAILABLE" }, "geometry": { "type": "Point", "coordinates": [ -84.481148656, 39.212639697999975 ] } },
{ "type": "Feature", "properties": { "NAME": "MERCY ST THERESA CENTER", "ADDRESS": "7010 ROWAN HILL DR", "CITY": "CINCINNATI", "STATE": "OH", "ZIP": "45227", "TYPE": "GENERAL ACUTE CARE", "STATUS": "CLOSED", "BEDS": -999, "TRAUMA": "NOT AVAILABLE" }, "geometry": { "type": "Point", "coordinates": [ -84.369018082, 39.149347983000013 ] } },
{ "type": "Feature", "properties": { "NAME": "ADENA GREENFIELD MEDICAL CENTER", "ADDRESS": "550 MIRABEAU STREET", "CITY": "GREENFIELD", "STATE": "OH", "ZIP": "45123", "TYPE": "CRITICAL ACCESS", "STATUS": "OPEN", "BEDS": 25, "TRAUMA": "NOT AVAILABLE" }, "geometry": { "type": "Point", "coordinates": [ -83.387731937999902, 39.348667330000076 ] } },
{ "type": "Feature", "properties": { "NAME": "POMERENE HOSPITAL", "ADDRESS": "981 WOOSTER ROAD", "CITY": "MILLERSBURG", "STATE": "OH", "ZIP": "44654", "TYPE": "GENERAL ACUTE CARE", "STATUS": "OPEN", "BEDS": 69, "TRAUMA": "NOT AVAILABLE" }, "geometry": { "type": "Point", "coordinates": [ -81.919906731, 40.565094540000111 ] } },
{ "type": "Feature", "properties": { "NAME": "LICKING MEMORIAL HOSPITAL", "ADDRESS": "1320 WEST MAIN STREET", "CITY": "NEWARK", "STATE": "OH", "ZIP": "43055", "TYPE": "GENERAL ACUTE CARE", "STATUS": "OPEN", "BEDS": 213, "TRAUMA": "NOT AVAILABLE" }, "geometry": { "type": "Point", "coordinates": [ -82.450635227, 40.048301927000104 ] } },
{ "type": "Feature", "properties": { "NAME": "MARY RUTAN HOSPITAL", "ADDRESS": "205 PALMER AVENUE", "CITY": "BELLEFONTAINE", "STATE": "OH", "ZIP": "43311", "TYPE": "GENERAL ACUTE CARE", "STATUS": "OPEN", "BEDS": 115, "TRAUMA": "NOT AVAILABLE" }, "geometry": { "type": "Point", "coordinates": [ -83.755531263, 40.369541772999952 ] } },
{ "type": "Feature", "properties": { "NAME": "NORTHSIDE MEDICAL CENTER", "ADDRESS": "500 GYPSY LANE", "CITY": "YOUNGSTOWN", "STATE": "OH", "ZIP": "44501", "TYPE": "GENERAL ACUTE CARE", "STATUS": "OPEN", "BEDS": 398, "TRAUMA": "NOT AVAILABLE" }, "geometry": { "type": "Point", "coordinates": [ -80.658038388, 41.135005073999977 ] } },
{ "type": "Feature", "properties": { "NAME": "HANCOCK REGIONAL HOSPITAL", "ADDRESS": "801 N STATE ST", "CITY": "GREENFIELD", "STATE": "IN", "ZIP": "46140", "TYPE": "GENERAL ACUTE CARE", "STATUS": "OPEN", "BEDS": 68, "TRAUMA": "NOT AVAILABLE" }, "geometry": { "type": "Point", "coordinates": [ -85.768081056, 39.795493325999971 ] } },
{ "type": "Feature", "properties": { "NAME": "HEALTHSOUTH REHABILITATION HOSPITAL DAYTON", "ADDRESS": "ONE ELIZABETH PLACE", "CITY": "DAYTON", "STATE": "OH", "ZIP": "45417", "TYPE": "REHABILITATION", "STATUS": "OPEN", "BEDS": 50, "TRAUMA": "NOT AVAILABLE" }, "geometry": { "type": "Point", "coordinates": [ -84.199992718, 39.748243586999926 ] } },
{ "type": "Feature", "properties": { "NAME": "KETTERING YOUTH SERVICES", "ADDRESS": "5350 LAMME ROAD", "CITY": "DAYTON", "STATE": "OH", "ZIP": "45439", "TYPE": "PSYCHIATRIC", "STATUS": "OPEN", "BEDS": 60, "TRAUMA": "NOT AVAILABLE" }, "geometry": { "type": "Point", "coordinates": [ -84.211010728, 39.675395681000055 ] } },
{ "type": "Feature", "properties": { "NAME": "HEALTHSOUTH DEACONESS REHABILITATION HOSPITAL", "ADDRESS": "4100 COVERT AVE", "CITY": "EVANSVILLE", "STATE": "IN", "ZIP": "47714", "TYPE": "REHABILITATION", "STATUS": "OPEN", "BEDS": 103, "TRAUMA": "NOT AVAILABLE" }, "geometry": { "type": "Point", "coordinates": [ -87.500695412, 37.956130734999981 ] } },
{ "type": "Feature", "properties": { "NAME": "MERCY MEDICAL CENTER", "ADDRESS": "1320 MERCY DRIVE NW", "CITY": "CANTON", "STATE": "OH", "ZIP": "44708", "TYPE": "GENERAL ACUTE CARE", "STATUS": "OPEN", "BEDS": 441, "TRAUMA": "LEVEL II" }, "geometry": { "type": "Point", "coordinates": [ -81.394875462999906, 40.812157905999968 ] } },
{ "type": "Feature", "properties": { "NAME": "HARSHA BEHAVIORAL CENTER INC", "ADDRESS": "1420 E CROSSING BLVD", "CITY": "TERRE HAUTE", "STATE": "IN", "ZIP": "47802", "TYPE": "PSYCHIATRIC", "STATUS": "OPEN", "BEDS": 36, "TRAUMA": "NOT AVAILABLE" }, "geometry": { "type": "Point", "coordinates": [ -87.395950625999902, 39.400139986999974 ] } },
{ "type": "Feature", "properties": { "NAME": "JOHNSON MEMORIAL HOSPITAL", "ADDRESS": "1125 W JEFFERSON ST", "CITY": "FRANKLIN", "STATE": "IN", "ZIP": "46131", "TYPE": "GENERAL ACUTE CARE", "STATUS": "OPEN", "BEDS": 125, "TRAUMA": "NOT AVAILABLE" }, "geometry": { "type": "Point", "coordinates": [ -86.077000603, 39.479667741000114 ] } },
{ "type": "Feature", "properties": { "NAME": "INDIANA UNIVERSITY HEALTH BEDFORD HOSPITAL", "ADDRESS": "2900 W 16TH ST", "CITY": "BEDFORD", "STATE": "IN", "ZIP": "47421", "TYPE": "CRITICAL ACCESS", "STATUS": "OPEN", "BEDS": 25, "TRAUMA": "NOT AVAILABLE" }, "geometry": { "type": "Point", "coordinates": [ -86.513198317, 38.859920876999951 ] } },
{ "type": "Feature", "properties": { "NAME": "GREENE COUNTY GENERAL HOSPITAL", "ADDRESS": "1185 N 1000 W", "CITY": "LINTON", "STATE": "IN", "ZIP": "47441", "TYPE": "CRITICAL ACCESS", "STATUS": "OPEN", "BEDS": 25, "TRAUMA": "NOT AVAILABLE" }, "geometry": { "type": "Point", "coordinates": [ -87.130309914, 39.040742209000015 ] } },
{ "type": "Feature", "properties": { "NAME": "GIBSON GENERAL HOSPITAL", "ADDRESS": "1808 SHERMAN DR", "CITY": "PRINCETON", "STATE": "IN", "ZIP": "47670", "TYPE": "CRITICAL ACCESS", "STATUS": "OPEN", "BEDS": 25, "TRAUMA": "NOT AVAILABLE" }, "geometry": { "type": "Point", "coordinates": [ -87.589832206000011, 38.360917273 ] } },
{ "type": "Feature", "properties": { "NAME": "GRANT-BLACKFORD MENTAL HEALTH, INC", "ADDRESS": "505 WABASH AVE", "CITY": "MARION", "STATE": "IN", "ZIP": "46952", "TYPE": "PSYCHIATRIC", "STATUS": "OPEN", "BEDS": 16, "TRAUMA": "NOT AVAILABLE" }, "geometry": { "type": "Point", "coordinates": [ -85.6662408, 40.564232786 ] } },
{ "type": "Feature", "properties": { "NAME": "COMMUNITY HOSPITAL EAST", "ADDRESS": "1500 N RITTER AVE", "CITY": "INDIANAPOLIS", "STATE": "IN", "ZIP": "46219", "TYPE": "GENERAL ACUTE CARE", "STATUS": "OPEN", "BEDS": 335, "TRAUMA": "NOT AVAILABLE" }, "geometry": { "type": "Point", "coordinates": [ -86.075498184, 39.787313719000075 ] } },
{ "type": "Feature", "properties": { "NAME": "ORTHOINDY HOSPITAL", "ADDRESS": "8400 NORTHWEST BLVD", "CITY": "INDIANAPOLIS", "STATE": "IN", "ZIP": "46278", "TYPE": "SPECIAL", "STATUS": "OPEN", "BEDS": 38, "TRAUMA": "NOT AVAILABLE" }, "geometry": { "type": "Point", "coordinates": [ -86.267216495, 39.907695424999986 ] } },
{ "type": "Feature", "properties": { "NAME": "HENDRICKS REGIONAL HEALTH", "ADDRESS": "1000 E MAIN ST", "CITY": "DANVILLE", "STATE": "IN", "ZIP": "46122", "TYPE": "GENERAL ACUTE CARE", "STATUS": "OPEN", "BEDS": 160, "TRAUMA": "NOT AVAILABLE" }, "geometry": { "type": "Point", "coordinates": [ -86.50188213, 39.761912163000019 ] } },
{ "type": "Feature", "properties": { "NAME": "INDIANA UNIVERSITY HEALTH WEST HOSPITAL", "ADDRESS": "1111 N RONALD REAGAN PKWY", "CITY": "AVON", "STATE": "IN", "ZIP": "46123", "TYPE": "GENERAL ACUTE CARE", "STATUS": "OPEN", "BEDS": 127, "TRAUMA": "NOT AVAILABLE" }, "geometry": { "type": "Point", "coordinates": [ -86.340446634, 39.780504393000079 ] } },
{ "type": "Feature", "properties": { "NAME": "ACMH HOSPITAL", "ADDRESS": "ONE NOLTE DRIVE", "CITY": "KITTANNING", "STATE": "PA", "ZIP": "16201", "TYPE": "GENERAL ACUTE CARE", "STATUS": "OPEN", "BEDS": 155, "TRAUMA": "NOT AVAILABLE" }, "geometry": { "type": "Point", "coordinates": [ -79.562016001, 40.808844001000118 ] } },
{ "type": "Feature", "properties": { "NAME": "CHILDREN'S INSTITUTE OF PITTSBURGH, THE", "ADDRESS": "6301 NORTHUMBERLAND STREET", "CITY": "PITTSBURGH", "STATE": "PA", "ZIP": "15217", "TYPE": "CHILDREN", "STATUS": "OPEN", "BEDS": 72, "TRAUMA": "NOT AVAILABLE" }, "geometry": { "type": "Point", "coordinates": [ -79.919199444999904, 40.442686591000033 ] } },
{ "type": "Feature", "properties": { "NAME": "LIFECARE HOSPITALS OF PITTSBURGH - MONROEVILLE", "ADDRESS": "2380 MCGINLEY ROAD", "CITY": "MONROEVILLE", "STATE": "PA", "ZIP": "15146", "TYPE": "LONG TERM CARE", "STATUS": "CLOSED", "BEDS": 87, "TRAUMA": "NOT AVAILABLE" }, "geometry": { "type": "Point", "coordinates": [ -79.745749998999898, 40.42485300100001 ] } },
{ "type": "Feature", "properties": { "NAME": "CHILDRENS HOME OF PITTSBURGH", "ADDRESS": "5324 PENN AVENUE", "CITY": "PITTSBURGH", "STATE": "PA", "ZIP": "15224", "TYPE": "CHILDREN", "STATUS": "OPEN", "BEDS": 28, "TRAUMA": "NOT AVAILABLE" }, "geometry": { "type": "Point", "coordinates": [ -79.937371662, 40.464233614000129 ] } },
{ "type": "Feature", "properties": { "NAME": "UPMC PASSAVANT", "ADDRESS": "9100 BABCOCK BOULEVARD", "CITY": "PITTSBURGH", "STATE": "PA", "ZIP": "15237", "TYPE": "GENERAL ACUTE CARE", "STATUS": "OPEN", "BEDS": 412, "TRAUMA": "NOT AVAILABLE" }, "geometry": { "type": "Point", "coordinates": [ -80.013992999, 40.573393001000127 ] } },
{ "type": "Feature", "properties": { "NAME": "ALLEGHENY VALLEY HOSPITAL", "ADDRESS": "1301 CARLISLE STREET", "CITY": "NATRONA HEIGHTS", "STATE": "PA", "ZIP": "15065", "TYPE": "GENERAL ACUTE CARE", "STATUS": "OPEN", "BEDS": 228, "TRAUMA": "NOT AVAILABLE" }, "geometry": { "type": "Point", "coordinates": [ -79.736751349, 40.61828481800012 ] } },
{ "type": "Feature", "properties": { "NAME": "TITUSVILLE AREA HOSPITAL", "ADDRESS": "406 WEST OAK STREET", "CITY": "TITUSVILLE", "STATE": "PA", "ZIP": "16354", "TYPE": "GENERAL ACUTE CARE", "STATUS": "OPEN", "BEDS": 72, "TRAUMA": "NOT AVAILABLE" }, "geometry": { "type": "Point", "coordinates": [ -79.679730000999896, 41.633620000000114 ] } },
{ "type": "Feature", "properties": { "NAME": "INDIANA REGIONAL MEDICAL CENTER", "ADDRESS": "835 HOSPITAL ROAD, PO BOX 788", "CITY": "INDIANA", "STATE": "PA", "ZIP": "15701", "TYPE": "GENERAL ACUTE CARE", "STATUS": "OPEN", "BEDS": 164, "TRAUMA": "NOT AVAILABLE" }, "geometry": { "type": "Point", "coordinates": [ -79.156262, 40.607521001000123 ] } },
{ "type": "Feature", "properties": { "NAME": "RUSH MEMORIAL HOSPITAL", "ADDRESS": "1300 N MAIN ST", "CITY": "RUSHVILLE", "STATE": "IN", "ZIP": "46173", "TYPE": "CRITICAL ACCESS", "STATUS": "OPEN", "BEDS": 25, "TRAUMA": "NOT AVAILABLE" }, "geometry": { "type": "Point", "coordinates": [ -85.444036915, 39.62175458700014 ] } },
{ "type": "Feature", "properties": { "NAME": "UPMC HORIZON-SHENANGO VALLEY-ER", "ADDRESS": "2200 MEMORIAL DR", "CITY": "FARRELL", "STATE": "PA", "ZIP": "16121", "TYPE": "GENERAL ACUTE CARE", "STATUS": "OPEN", "BEDS": 28, "TRAUMA": "NOT AVAILABLE" }, "geometry": { "type": "Point", "coordinates": [ -80.469521820999901, 41.21068473800014 ] } },
{ "type": "Feature", "properties": { "NAME": "ST VINCENT WARRICK HOSPITAL INC", "ADDRESS": "1116 MILLIS AVE", "CITY": "BOONVILLE", "STATE": "IN", "ZIP": "47601", "TYPE": "CRITICAL ACCESS", "STATUS": "OPEN", "BEDS": 35, "TRAUMA": "NOT AVAILABLE" }, "geometry": { "type": "Point", "coordinates": [ -87.262811198999898, 38.041928632000101 ] } },
{ "type": "Feature", "properties": { "NAME": "SULLIVAN COUNTY COMMUNITY HOSPITAL", "ADDRESS": "2200 N SECTION ST", "CITY": "SULLIVAN", "STATE": "IN", "ZIP": "47882", "TYPE": "CRITICAL ACCESS", "STATUS": "OPEN", "BEDS": 25, "TRAUMA": "NOT AVAILABLE" }, "geometry": { "type": "Point", "coordinates": [ -87.412610069, 39.12557024900012 ] } },
{ "type": "Feature", "properties": { "NAME": "ST VINCENT MERCY HOSPITAL", "ADDRESS": "1331 S A ST", "CITY": "ELWOOD", "STATE": "IN", "ZIP": "46036", "TYPE": "CRITICAL ACCESS", "STATUS": "OPEN", "BEDS": 25, "TRAUMA": "NOT AVAILABLE" }, "geometry": { "type": "Point", "coordinates": [ -85.843660637, 40.2754102500001 ] } },
{ "type": "Feature", "properties": { "NAME": "SCOTT COUNTY MEMORIAL HOSPITAL AKA SCOTT MEMORIAL", "ADDRESS": "1451 N GARDNER ST", "CITY": "SCOTTSBURG", "STATE": "IN", "ZIP": "47170", "TYPE": "CRITICAL ACCESS", "STATUS": "OPEN", "BEDS": 25, "TRAUMA": "NOT AVAILABLE" }, "geometry": { "type": "Point", "coordinates": [ -85.786184975, 38.704989842000046 ] } },
{ "type": "Feature", "properties": { "NAME": "HOLZER MEDICAL CENTER JACKSON", "ADDRESS": "500 BURLINGTON ROAD", "CITY": "JACKSON", "STATE": "OH", "ZIP": "45640", "TYPE": "CRITICAL ACCESS", "STATUS": "OPEN", "BEDS": 24, "TRAUMA": "NOT AVAILABLE" }, "geometry": { "type": "Point", "coordinates": [ -82.640760246999903, 39.032306660000103 ] } },
{ "type": "Feature", "properties": { "NAME": "ST. ELIZABETH GRANT", "ADDRESS": "238 BARNES RD.", "CITY": "WILLIAMSTOWN", "STATE": "KY", "ZIP": "41097", "TYPE": "CRITICAL ACCESS", "STATUS": "OPEN", "BEDS": 25, "TRAUMA": "NOT AVAILABLE" }, "geometry": { "type": "Point", "coordinates": [ -84.578168434, 38.647203648000136 ] } },
{ "type": "Feature", "properties": { "NAME": "HARRISON COMMUNITY HOSPITAL", "ADDRESS": "951 EAST MARKET STREET", "CITY": "CADIZ", "STATE": "OH", "ZIP": "43907", "TYPE": "CRITICAL ACCESS", "STATUS": "OPEN", "BEDS": 25, "TRAUMA": "NOT AVAILABLE" }, "geometry": { "type": "Point", "coordinates": [ -80.977309374999919, 40.257421470000111 ] } },
{ "type": "Feature", "properties": { "NAME": "MEADVILLE MEDICAL CENTER", "ADDRESS": "751 LIBERTY STREET", "CITY": "MEADVILLE", "STATE": "PA", "ZIP": "16335", "TYPE": "GENERAL ACUTE CARE", "STATUS": "OPEN", "BEDS": 217, "TRAUMA": "NOT AVAILABLE" }, "geometry": { "type": "Point", "coordinates": [ -80.145881999, 41.641648001000142 ] } },
{ "type": "Feature", "properties": { "NAME": "LINCOLN TRAIL BEHAVIORAL HEALTH SYSTEM", "ADDRESS": "3909 SOUTH WILSON ROAD", "CITY": "RADCLIFF", "STATE": "KY", "ZIP": "40160", "TYPE": "PSYCHIATRIC", "STATUS": "OPEN", "BEDS": 140, "TRAUMA": "NOT AVAILABLE" }, "geometry": { "type": "Point", "coordinates": [ -85.9147806349999, 37.787923683 ] } },
{ "type": "Feature", "properties": { "NAME": "FLEMING COUNTY HOSPITAL", "ADDRESS": "55 FOUNDATION DRIVE", "CITY": "FLEMINGSBURG", "STATE": "KY", "ZIP": "41041", "TYPE": "GENERAL ACUTE CARE", "STATUS": "OPEN", "BEDS": 52, "TRAUMA": "NOT AVAILABLE" }, "geometry": { "type": "Point", "coordinates": [ -83.751545308999894, 38.422151045000142 ] } },
{ "type": "Feature", "properties": { "NAME": "BAPTIST HEALTH LEXINGTON", "ADDRESS": "1740 NICHOLASVILLE ROAD", "CITY": "LEXINGTON", "STATE": "KY", "ZIP": "40503", "TYPE": "GENERAL ACUTE CARE", "STATUS": "OPEN", "BEDS": 391, "TRAUMA": "NOT AVAILABLE" }, "geometry": { "type": "Point", "coordinates": [ -84.511857714, 38.018805192999977 ] } },
{ "type": "Feature", "properties": { "NAME": "EASTERN STATE HOSPITAL", "ADDRESS": "1350 BULL LEA RD", "CITY": "LEXINGTON", "STATE": "KY", "ZIP": "40511", "TYPE": "PSYCHIATRIC", "STATUS": "OPEN", "BEDS": 195, "TRAUMA": "NOT AVAILABLE" }, "geometry": { "type": "Point", "coordinates": [ -84.4979543379999, 38.082924061 ] } },
{ "type": "Feature", "properties": { "NAME": "HARRISON MEMORIAL HOSPITAL", "ADDRESS": "1210 KENTUCKY HIGHWAY 36 EAST", "CITY": "CYNTHIANA", "STATE": "KY", "ZIP": "41031", "TYPE": "GENERAL ACUTE CARE", "STATUS": "OPEN", "BEDS": 61, "TRAUMA": "LEVEL IV" }, "geometry": { "type": "Point", "coordinates": [ -84.277686455, 38.383968729000102 ] } },
{ "type": "Feature", "properties": { "NAME": "TRIGG COUNTY HOSPITAL INC.", "ADDRESS": "254 MAIN STREET", "CITY": "CADIZ", "STATE": "KY", "ZIP": "42211", "TYPE": "GENERAL ACUTE CARE", "STATUS": "OPEN", "BEDS": 25, "TRAUMA": "NOT AVAILABLE" }, "geometry": { "type": "Point", "coordinates": [ -87.821538781999905, 36.866340231999928 ] } },
{ "type": "Feature", "properties": { "NAME": "SOUTHERN KENTUCKY REHABILITATION HOSPITAL", "ADDRESS": "1300 CAMPBELL LANE", "CITY": "BOWLING GREEN", "STATE": "KY", "ZIP": "42104", "TYPE": "REHABILITATION", "STATUS": "OPEN", "BEDS": 60, "TRAUMA": "NOT AVAILABLE" }, "geometry": { "type": "Point", "coordinates": [ -86.44648889, 36.957038813000125 ] } },
{ "type": "Feature", "properties": { "NAME": "MARY BRECKINRIDGE ARH HOSPITAL", "ADDRESS": "130 KATE IRELAND DRIVE", "CITY": "HYDEN", "STATE": "KY", "ZIP": "41749", "TYPE": "CRITICAL ACCESS", "STATUS": "OPEN", "BEDS": 25, "TRAUMA": "NOT AVAILABLE" }, "geometry": { "type": "Point", "coordinates": [ -83.378583855, 37.164105979000126 ] } },
{ "type": "Feature", "properties": { "NAME": "WAYNE COUNTY HOSPITAL", "ADDRESS": "166 HOSPITAL STREET", "CITY": "MONTICELLO", "STATE": "KY", "ZIP": "42633", "TYPE": "GENERAL ACUTE CARE", "STATUS": "OPEN", "BEDS": 25, "TRAUMA": "NOT AVAILABLE" }, "geometry": { "type": "Point", "coordinates": [ -84.866892605000018, 36.819864769999974 ] } },
{ "type": "Feature", "properties": { "NAME": "SAINT JOSEPH HOSPITAL LONDON", "ADDRESS": "1001 SAINT JOSEPH LANE", "CITY": "LONDON", "STATE": "KY", "ZIP": "40741", "TYPE": "GENERAL ACUTE CARE", "STATUS": "OPEN", "BEDS": 150, "TRAUMA": "NOT AVAILABLE" }, "geometry": { "type": "Point", "coordinates": [ -84.109002367, 37.117712111999978 ] } },
{ "type": "Feature", "properties": { "NAME": "THREE RIVERS MEDICAL CENTER", "ADDRESS": "2485 HWY 644", "CITY": "LOUISA", "STATE": "KY", "ZIP": "41230", "TYPE": "GENERAL ACUTE CARE", "STATUS": "OPEN", "BEDS": 90, "TRAUMA": "NOT AVAILABLE" }, "geometry": { "type": "Point", "coordinates": [ -82.604408295, 38.092486637000022 ] } },
{ "type": "Feature", "properties": { "NAME": "CENTRAL STATE HOSPITAL", "ADDRESS": "10510 LAGRANGE ROAD", "CITY": "LOUISVILLE", "STATE": "KY", "ZIP": "40223", "TYPE": "PSYCHIATRIC", "STATUS": "OPEN", "BEDS": 192, "TRAUMA": "NOT AVAILABLE" }, "geometry": { "type": "Point", "coordinates": [ -85.55809622, 38.27219096 ] } },
{ "type": "Feature", "properties": { "NAME": "SAINT JOSEPH BEREA", "ADDRESS": "305 ESTILL STREET", "CITY": "BEREA", "STATE": "KY", "ZIP": "40403", "TYPE": "CRITICAL ACCESS", "STATUS": "OPEN", "BEDS": 25, "TRAUMA": "NOT AVAILABLE" }, "geometry": { "type": "Point", "coordinates": [ -84.286570551999901, 37.576094958000084 ] } },
{ "type": "Feature", "properties": { "NAME": "FRAZIER REHAB INSTITUTE", "ADDRESS": "220 ABRAHAM FLEXNER WAY", "CITY": "LOUISVILLE", "STATE": "KY", "ZIP": "40202", "TYPE": "REHABILITATION", "STATUS": "OPEN", "BEDS": 135, "TRAUMA": "NOT AVAILABLE" }, "geometry": { "type": "Point", "coordinates": [ -85.750218461, 38.248955758000129 ] } },
{ "type": "Feature", "properties": { "NAME": "NORTON AUDUBON HOSPITAL", "ADDRESS": "ONE AUDUBON PLAZA DRIVE", "CITY": "LOUISVILLE", "STATE": "KY", "ZIP": "40217", "TYPE": "GENERAL ACUTE CARE", "STATUS": "OPEN", "BEDS": 432, "TRAUMA": "NOT AVAILABLE" }, "geometry": { "type": "Point", "coordinates": [ -85.722813645, 38.21512739500001 ] } },
{ "type": "Feature", "properties": { "NAME": "NORTON BROWNSBORO HOSPITAL", "ADDRESS": "4960 NORTON HEALTHCARE BOULEVARD", "CITY": "LOUISVILLE", "STATE": "KY", "ZIP": "40241", "TYPE": "GENERAL ACUTE CARE", "STATUS": "OPEN", "BEDS": 127, "TRAUMA": "NOT AVAILABLE" }, "geometry": { "type": "Point", "coordinates": [ -85.575894454, 38.315325680000122 ] } },
{ "type": "Feature", "properties": { "NAME": "THE BROOK HOSPITAL - KMI", "ADDRESS": "8521 LAGRANGE RD", "CITY": "LOUISVILLE", "STATE": "KY", "ZIP": "40242", "TYPE": "PSYCHIATRIC", "STATUS": "OPEN", "BEDS": 98, "TRAUMA": "NOT AVAILABLE" }, "geometry": { "type": "Point", "coordinates": [ -85.596478775, 38.272539300000098 ] } },
{ "type": "Feature", "properties": { "NAME": "NORTHKEY COMMUNITY CARE-INTENSIVE SERVICES", "ADDRESS": "502 FARRELL DR", "CITY": "COVINGTON", "STATE": "KY", "ZIP": "41012", "TYPE": "PSYCHIATRIC", "STATUS": "OPEN", "BEDS": 57, "TRAUMA": "NOT AVAILABLE" }, "geometry": { "type": "Point", "coordinates": [ -84.529347397, 39.049609046999976 ] } },
{ "type": "Feature", "properties": { "NAME": "ST FRANCIS HOSPITAL", "ADDRESS": "333 LAIDLEY ST", "CITY": "CHARLESTON", "STATE": "WV", "ZIP": "25301", "TYPE": "GENERAL ACUTE CARE", "STATUS": "OPEN", "BEDS": 142, "TRAUMA": "NOT AVAILABLE" }, "geometry": { "type": "Point", "coordinates": [ -81.633240716, 38.35346176800001 ] } },
{ "type": "Feature", "properties": { "NAME": "HIGHLAND HOSPITAL", "ADDRESS": "300 56TH ST SE", "CITY": "CHARLESTON", "STATE": "WV", "ZIP": "25304", "TYPE": "PSYCHIATRIC", "STATUS": "OPEN", "BEDS": 104, "TRAUMA": "NOT AVAILABLE" }, "geometry": { "type": "Point", "coordinates": [ -81.569019260999895, 38.31507672499994 ] } },
{ "type": "Feature", "properties": { "NAME": "ST. ELIZABETH COVINGTON", "ADDRESS": "1500 JAMES SIMPSON JR. WAY", "CITY": "COVINGTON", "STATE": "KY", "ZIP": "41011", "TYPE": "GENERAL ACUTE CARE", "STATUS": "OPEN", "BEDS": 151, "TRAUMA": "NOT AVAILABLE" }, "geometry": { "type": "Point", "coordinates": [ -84.517999891, 39.071348371999953 ] } },
{ "type": "Feature", "properties": { "NAME": "RIVER PARK HOSPITAL", "ADDRESS": "1230 SIXTH AVENUE", "CITY": "HUNTINGTON", "STATE": "WV", "ZIP": "25701", "TYPE": "PSYCHIATRIC", "STATUS": "OPEN", "BEDS": 165, "TRAUMA": "NOT AVAILABLE" }, "geometry": { "type": "Point", "coordinates": [ -82.4366994, 38.419591449000073 ] } },
{ "type": "Feature", "properties": { "NAME": "WILLIAMSON MEMORIAL HOSPITAL", "ADDRESS": "859 ALDERSON STREET", "CITY": "WILLIAMSON", "STATE": "WV", "ZIP": "25661", "TYPE": "GENERAL ACUTE CARE", "STATUS": "OPEN", "BEDS": 76, "TRAUMA": "NOT AVAILABLE" }, "geometry": { "type": "Point", "coordinates": [ -82.272648847, 37.67881896199998 ] } },
{ "type": "Feature", "properties": { "NAME": "HARRISBURG MEDICAL CENTER", "ADDRESS": "100 DOCTOR WARREN TUTTLE DR", "CITY": "HARRISBURG", "STATE": "IL", "ZIP": "62946", "TYPE": "GENERAL ACUTE CARE", "STATUS": "OPEN", "BEDS": 73, "TRAUMA": "NOT AVAILABLE" }, "geometry": { "type": "Point", "coordinates": [ -88.523133984, 37.731043606000142 ] } },
{ "type": "Feature", "properties": { "NAME": "HUNTINGTON V A MEDICAL CENTER", "ADDRESS": "1540 SPRING VALLEY DR", "CITY": "HUNTINGTON", "STATE": "WV", "ZIP": "25701", "TYPE": "MILITARY", "STATUS": "OPEN", "BEDS": -999, "TRAUMA": "NOT AVAILABLE" }, "geometry": { "type": "Point", "coordinates": [ -82.516414740999906, 38.376880478000018 ] } },
{ "type": "Feature", "properties": { "NAME": "MONTGOMERY GENERAL HOSPITAL", "ADDRESS": "401 SIXTH AVENUE, FAYETTE COUNTY", "CITY": "MONTGOMERY", "STATE": "WV", "ZIP": "25136", "TYPE": "CRITICAL ACCESS", "STATUS": "OPEN", "BEDS": 69, "TRAUMA": "NOT AVAILABLE" }, "geometry": { "type": "Point", "coordinates": [ -81.324399174999897, 38.182673038000104 ] } },
{ "type": "Feature", "properties": { "NAME": "GENERATIONS BEHAVIORAL HEALTH-YOUNGSTOWN LLC", "ADDRESS": "196 COLONIAL DRIVE", "CITY": "YOUNGSTOWN", "STATE": "OH", "ZIP": "44504", "TYPE": "PSYCHIATRIC", "STATUS": "OPEN", "BEDS": 76, "TRAUMA": "NOT AVAILABLE" }, "geometry": { "type": "Point", "coordinates": [ -80.663165579999898, 41.138167418000123 ] } },
{ "type": "Feature", "properties": { "NAME": "ROBLEY REX VA MEDICAL CENTER", "ADDRESS": "800 ZORN AVENUE", "CITY": "LOUISVILLE", "STATE": "KY", "ZIP": "40206", "TYPE": "MILITARY", "STATUS": "OPEN", "BEDS": 109, "TRAUMA": "NOT AVAILABLE" }, "geometry": { "type": "Point", "coordinates": [ -85.696895, 38.270259000000124 ] } },
{ "type": "Feature", "properties": { "NAME": "DOCTORS HOSPITAL OF NELSONVILLE", "ADDRESS": "1950 MOUNT ST MARYS DRIVE", "CITY": "NELSONVILLE", "STATE": "OH", "ZIP": "45764", "TYPE": "CRITICAL ACCESS", "STATUS": "CLOSED", "BEDS": 25, "TRAUMA": "NOT AVAILABLE" }, "geometry": { "type": "Point", "coordinates": [ -82.243210179, 39.463282902000103 ] } },
{ "type": "Feature", "properties": { "NAME": "BELMONT COMMUNITY HOSPITAL", "ADDRESS": "4697 HARRISON STREET", "CITY": "BELLAIRE", "STATE": "OH", "ZIP": "43906", "TYPE": "GENERAL ACUTE CARE", "STATUS": "OPEN", "BEDS": 99, "TRAUMA": "NOT AVAILABLE" }, "geometry": { "type": "Point", "coordinates": [ -80.740970263, 40.030140362000076 ] } },
{ "type": "Feature", "properties": { "NAME": "UNIVERSITY POINTE SURGICAL HOSPITAL", "ADDRESS": "7750 UNIVERSITY COURT", "CITY": "WEST CHESTER", "STATE": "OH", "ZIP": "45069", "TYPE": "GENERAL ACUTE CARE", "STATUS": "OPEN", "BEDS": 8, "TRAUMA": "NOT AVAILABLE" }, "geometry": { "type": "Point", "coordinates": [ -84.365734898, 39.36143472300008 ] } },
{ "type": "Feature", "properties": { "NAME": "SOUTHWEST REGIONAL MEDICAL CENTER", "ADDRESS": "425 HOME STREET", "CITY": "GEORGETOWN", "STATE": "OH", "ZIP": "45121", "TYPE": "GENERAL ACUTE CARE", "STATUS": "CLOSED", "BEDS": 921, "TRAUMA": "NOT AVAILABLE" }, "geometry": { "type": "Point", "coordinates": [ -83.896815989999894, 38.858878822000115 ] } },
{ "type": "Feature", "properties": { "NAME": "MERCY HOSPITAL FAIRFIELD", "ADDRESS": "3000 MACK ROAD", "CITY": "FAIRFIELD", "STATE": "OH", "ZIP": "45014", "TYPE": "GENERAL ACUTE CARE", "STATUS": "OPEN", "BEDS": 209, "TRAUMA": "NOT AVAILABLE" }, "geometry": { "type": "Point", "coordinates": [ -84.517795738000018, 39.312699164000037 ] } },
{ "type": "Feature", "properties": { "NAME": "CLINTON MEMORIAL HOSPITAL", "ADDRESS": "610 WEST MAIN STREET", "CITY": "WILMINGTON", "STATE": "OH", "ZIP": "45177", "TYPE": "GENERAL ACUTE CARE", "STATUS": "OPEN", "BEDS": 165, "TRAUMA": "NOT AVAILABLE" }, "geometry": { "type": "Point", "coordinates": [ -83.840020957, 39.44385131700011 ] } },
{ "type": "Feature", "properties": { "NAME": "FAIRFIELD MEDICAL CENTER", "ADDRESS": "401 NORTH EWING STREET", "CITY": "LANCASTER", "STATE": "OH", "ZIP": "43130", "TYPE": "GENERAL ACUTE CARE", "STATUS": "OPEN", "BEDS": 245, "TRAUMA": "NOT AVAILABLE" }, "geometry": { "type": "Point", "coordinates": [ -82.577456609, 39.717551254000114 ] } },
{ "type": "Feature", "properties": { "NAME": "DOCTORS HOSPITAL", "ADDRESS": "5100 WEST BROAD STREET", "CITY": "COLUMBUS", "STATE": "OH", "ZIP": "43228", "TYPE": "GENERAL ACUTE CARE", "STATUS": "OPEN", "BEDS": 251, "TRAUMA": "NOT AVAILABLE" }, "geometry": { "type": "Point", "coordinates": [ -83.137865351999906, 39.952525182 ] } },
{ "type": "Feature", "properties": { "NAME": "TWIN VALLEY BEHAVIORAL HEALTHCARE", "ADDRESS": "2200 WEST BROAD STREET", "CITY": "COLUMBUS", "STATE": "OH", "ZIP": "43223", "TYPE": "PSYCHIATRIC", "STATUS": "OPEN", "BEDS": 228, "TRAUMA": "NOT AVAILABLE" }, "geometry": { "type": "Point", "coordinates": [ -83.059165048, 39.956752487000088 ] } },
{ "type": "Feature", "properties": { "NAME": "CHRIST HOSPITAL", "ADDRESS": "2139 AUBURN AVENUE", "CITY": "CINCINNATI", "STATE": "OH", "ZIP": "45219", "TYPE": "GENERAL ACUTE CARE", "STATUS": "OPEN", "BEDS": 621, "TRAUMA": "NOT AVAILABLE" }, "geometry": { "type": "Point", "coordinates": [ -84.510906969, 39.120930590999983 ] } },
{ "type": "Feature", "properties": { "NAME": "GOOD SAMARITAN HOSPITAL", "ADDRESS": "375 DIXMYTH AVENUE", "CITY": "CINCINNATI", "STATE": "OH", "ZIP": "45220", "TYPE": "GENERAL ACUTE CARE", "STATUS": "OPEN", "BEDS": 657, "TRAUMA": "NOT AVAILABLE" }, "geometry": { "type": "Point", "coordinates": [ -84.522284404999894, 39.139933338999981 ] } },
{ "type": "Feature", "properties": { "NAME": "MERCY HEALTH - WEST HOSPITAL", "ADDRESS": "3300 MERCY HEALTH BLVD", "CITY": "CINCINNATI", "STATE": "OH", "ZIP": "45211", "TYPE": "GENERAL ACUTE CARE", "STATUS": "OPEN", "BEDS": 568, "TRAUMA": "NOT AVAILABLE" }, "geometry": { "type": "Point", "coordinates": [ -84.596399418, 39.180620032999983 ] } },
{ "type": "Feature", "properties": { "NAME": "TRIHEALTH EVENDALE MEDICAL CENTER", "ADDRESS": "3155 GLENDALE-MILFORD ROAD", "CITY": "CINCINNATI", "STATE": "OH", "ZIP": "45241", "TYPE": "GENERAL ACUTE CARE", "STATUS": "OPEN", "BEDS": 29, "TRAUMA": "NOT AVAILABLE" }, "geometry": { "type": "Point", "coordinates": [ -84.420412357, 39.251489134000103 ] } },
{ "type": "Feature", "properties": { "NAME": "HIGHLAND DISTRICT HOSPITAL", "ADDRESS": "1275 NORTH HIGH STREET", "CITY": "HILLSBORO", "STATE": "OH", "ZIP": "45133", "TYPE": "CRITICAL ACCESS", "STATUS": "OPEN", "BEDS": 45, "TRAUMA": "NOT AVAILABLE" }, "geometry": { "type": "Point", "coordinates": [ -83.610765232999896, 39.221753009000118 ] } },
{ "type": "Feature", "properties": { "NAME": "TRINITY MEDICAL CTR EAST", "ADDRESS": "380 SUMMIT AVENUE", "CITY": "STEUBENVILLE", "STATE": "OH", "ZIP": "43952", "TYPE": "GENERAL ACUTE CARE", "STATUS": "OPEN", "BEDS": 244, "TRAUMA": "NOT AVAILABLE" }, "geometry": { "type": "Point", "coordinates": [ -80.62549638, 40.354755528999988 ] } },
{ "type": "Feature", "properties": { "NAME": "UC MEDICAL CENTER PSYCHIATRIC", "ADDRESS": "311 STRAIGHT STREET", "CITY": "CINCINNATI", "STATE": "OH", "ZIP": "45219", "TYPE": "PSYCHIATRIC", "STATUS": "CLOSED", "BEDS": 72, "TRAUMA": "NOT AVAILABLE" }, "geometry": { "type": "Point", "coordinates": [ -84.522295632999899, 39.129531128999972 ] } },
{ "type": "Feature", "properties": { "NAME": "KNOX COMMUNITY HOSPITAL", "ADDRESS": "1330 COSHOCTON ROAD", "CITY": "MOUNT VERNON", "STATE": "OH", "ZIP": "43050", "TYPE": "GENERAL ACUTE CARE", "STATUS": "OPEN", "BEDS": 111, "TRAUMA": "NOT AVAILABLE" }, "geometry": { "type": "Point", "coordinates": [ -82.448537519999903, 40.399716167000086 ] } },
{ "type": "Feature", "properties": { "NAME": "MEDICAL CENTER OF NEWARK LLC", "ADDRESS": "2000 TAMARACK ROAD", "CITY": "NEWARK", "STATE": "OH", "ZIP": "43055", "TYPE": "GENERAL ACUTE CARE", "STATUS": "CLOSED", "BEDS": 35, "TRAUMA": "NOT AVAILABLE" }, "geometry": { "type": "Point", "coordinates": [ -82.465078193, 40.042630746999983 ] } },
{ "type": "Feature", "properties": { "NAME": "WARREN STATE HOSPITAL", "ADDRESS": "33 MAIN DRIVE", "CITY": "NORTH WARREN", "STATE": "PA", "ZIP": "16365", "TYPE": "PSYCHIATRIC", "STATUS": "OPEN", "BEDS": 190, "TRAUMA": "NOT AVAILABLE" }, "geometry": { "type": "Point", "coordinates": [ -79.146869, 41.879474000000144 ] } },
{ "type": "Feature", "properties": { "NAME": "KENTUCKIANA MEDICAL CENTER LLC", "ADDRESS": "4601 MEDICAL PLAZA WAY", "CITY": "CLARKSVILLE", "STATE": "IN", "ZIP": "47129", "TYPE": "GENERAL ACUTE CARE", "STATUS": "OPEN", "BEDS": 42, "TRAUMA": "NOT AVAILABLE" }, "geometry": { "type": "Point", "coordinates": [ -85.752433815, 38.333085593000085 ] } },
{ "type": "Feature", "properties": { "NAME": "OHIOHEALTH MANSFIELD HOSPITAL", "ADDRESS": "335 GLESSNER AVENUE", "CITY": "MANSFIELD", "STATE": "OH", "ZIP": "44903", "TYPE": "GENERAL ACUTE CARE", "STATUS": "OPEN", "BEDS": 358, "TRAUMA": "LEVEL II" }, "geometry": { "type": "Point", "coordinates": [ -82.529472766, 40.752924353000012 ] } },
{ "type": "Feature", "properties": { "NAME": "COLUMBUS REGIONAL HOSPITAL", "ADDRESS": "2400 E 17TH ST", "CITY": "COLUMBUS", "STATE": "IN", "ZIP": "47201", "TYPE": "GENERAL ACUTE CARE", "STATUS": "OPEN", "BEDS": 198, "TRAUMA": "NOT AVAILABLE" }, "geometry": { "type": "Point", "coordinates": [ -85.895463792, 39.216952915 ] } },
{ "type": "Feature", "properties": { "NAME": "SOUTHERN OHIO MEDICAL CENTER", "ADDRESS": "1805 27TH STREET", "CITY": "PORTSMOUTH", "STATE": "OH", "ZIP": "45662", "TYPE": "GENERAL ACUTE CARE", "STATUS": "OPEN", "BEDS": 436, "TRAUMA": "NOT AVAILABLE" }, "geometry": { "type": "Point", "coordinates": [ -82.977709741, 38.753318458000109 ] } },
{ "type": "Feature", "properties": { "NAME": "FRANCISCAN ST FRANCIS HEALTH - MOORESVILLE", "ADDRESS": "1201 HADLEY RD", "CITY": "MOORESVILLE", "STATE": "IN", "ZIP": "46158", "TYPE": "GENERAL ACUTE CARE", "STATUS": "OPEN", "BEDS": 115, "TRAUMA": "NOT AVAILABLE" }, "geometry": { "type": "Point", "coordinates": [ -86.355692529, 39.607857113000058 ] } },
{ "type": "Feature", "properties": { "NAME": "BLOOMINGTON MEADOWS HOSPITAL", "ADDRESS": "3600 N PROW RD", "CITY": "BLOOMINGTON", "STATE": "IN", "ZIP": "47404", "TYPE": "PSYCHIATRIC", "STATUS": "OPEN", "BEDS": 71, "TRAUMA": "NOT AVAILABLE" }, "geometry": { "type": "Point", "coordinates": [ -86.550922129000014, 39.205979514000028 ] } },
{ "type": "Feature", "properties": { "NAME": "INDIANA UNIVERSITY HEALTH BLOOMINGTON HOSPITAL", "ADDRESS": "601 W SECOND ST", "CITY": "BLOOMINGTON", "STATE": "IN", "ZIP": "47403", "TYPE": "GENERAL ACUTE CARE", "STATUS": "OPEN", "BEDS": 297, "TRAUMA": "LEVEL III" }, "geometry": { "type": "Point", "coordinates": [ -86.539893595, 39.15989295 ] } },
{ "type": "Feature", "properties": { "NAME": "INDIANA UNIVERSITY HEALTH PAOLI HOSPITAL", "ADDRESS": "642 W HOSPITAL RD", "CITY": "PAOLI", "STATE": "IN", "ZIP": "47454", "TYPE": "CRITICAL ACCESS", "STATUS": "OPEN", "BEDS": 24, "TRAUMA": "NOT AVAILABLE" }, "geometry": { "type": "Point", "coordinates": [ -86.475163718, 38.568361438000053 ] } },
{ "type": "Feature", "properties": { "NAME": "AFFINITY MEDICAL CENTER", "ADDRESS": "875 EIGHTH STREET NE", "CITY": "MASSILLON", "STATE": "OH", "ZIP": "44646", "TYPE": "GENERAL ACUTE CARE", "STATUS": "CLOSED", "BEDS": 156, "TRAUMA": "NOT AVAILABLE" }, "geometry": { "type": "Point", "coordinates": [ -81.517451361, 40.806380245000092 ] } },
{ "type": "Feature", "properties": { "NAME": "GOOD SAMARITAN HOSPITAL", "ADDRESS": "520 S 7TH ST", "CITY": "VINCENNES", "STATE": "IN", "ZIP": "47591", "TYPE": "GENERAL ACUTE CARE", "STATUS": "OPEN", "BEDS": 175, "TRAUMA": "LEVEL III" }, "geometry": { "type": "Point", "coordinates": [ -87.532093359, 38.67331292900009 ] } },
{ "type": "Feature", "properties": { "NAME": "INDIANA UNIVERSITY HEALTH NORTH HOSPITAL", "ADDRESS": "11700 N MERIDIAN ST", "CITY": "CARMEL", "STATE": "IN", "ZIP": "46032", "TYPE": "GENERAL ACUTE CARE", "STATUS": "OPEN", "BEDS": 149, "TRAUMA": "NOT AVAILABLE" }, "geometry": { "type": "Point", "coordinates": [ -86.159655667, 39.959344478000041 ] } },
{ "type": "Feature", "properties": { "NAME": "FRANCISCAN ST FRANCIS HEALTH - INDIANAPOLIS", "ADDRESS": "8111 S EMERSON AVE", "CITY": "INDIANAPOLIS", "STATE": "IN", "ZIP": "46237", "TYPE": "GENERAL ACUTE CARE", "STATUS": "OPEN", "BEDS": 485, "TRAUMA": "NOT AVAILABLE" }, "geometry": { "type": "Point", "coordinates": [ -86.079467628, 39.648717759000085 ] } },
{ "type": "Feature", "properties": { "NAME": "KINDRED HOSPITAL INDIANAPOLIS", "ADDRESS": "1700 W 10TH ST", "CITY": "INDIANAPOLIS", "STATE": "IN", "ZIP": "46222", "TYPE": "LONG TERM CARE", "STATUS": "OPEN", "BEDS": 59, "TRAUMA": "NOT AVAILABLE" }, "geometry": { "type": "Point", "coordinates": [ -86.191449166000012, 39.781501851 ] } },
{ "type": "Feature", "properties": { "NAME": "HEARTLAND BEHAVIORAL HEALTHCARE", "ADDRESS": "3000 ERIE SW", "CITY": "MASSILLON", "STATE": "OH", "ZIP": "44648", "TYPE": "PSYCHIATRIC", "STATUS": "OPEN", "BEDS": 152, "TRAUMA": "NOT AVAILABLE" }, "geometry": { "type": "Point", "coordinates": [ -81.507829957999903, 40.768235694000097 ] } },
{ "type": "Feature", "properties": { "NAME": "ST CLAIR MEMORIAL HOSPITAL", "ADDRESS": "1000 BOWER HILL ROAD", "CITY": "PITTSBURGH", "STATE": "PA", "ZIP": "15243", "TYPE": "GENERAL ACUTE CARE", "STATUS": "OPEN", "BEDS": 328, "TRAUMA": "NOT AVAILABLE" }, "geometry": { "type": "Point", "coordinates": [ -80.066629999, 40.378095001000077 ] } },
{ "type": "Feature", "properties": { "NAME": "WHEELING HOSPITAL", "ADDRESS": "1 MEDICAL PARK", "CITY": "WHEELING", "STATE": "WV", "ZIP": "26003", "TYPE": "GENERAL ACUTE CARE", "STATUS": "OPEN", "BEDS": 223, "TRAUMA": "LEVEL II" }, "geometry": { "type": "Point", "coordinates": [ -80.685007335, 40.05911860700008 ] } },
{ "type": "Feature", "properties": { "NAME": "ENCOMPASS HEALTH HARMARVILLE REHABILITATION HOSPITAL", "ADDRESS": "GUYS RUN ROAD, PO BOX 11460", "CITY": "PITTSBURGH", "STATE": "PA", "ZIP": "15238", "TYPE": "REHABILITATION", "STATUS": "OPEN", "BEDS": 202, "TRAUMA": "NOT AVAILABLE" }, "geometry": { "type": "Point", "coordinates": [ -79.866065, 40.556896 ] } },
{ "type": "Feature", "properties": { "NAME": "WETZEL COUNTY HOSPITAL", "ADDRESS": "3 EAST BENJAMIN DRIVE", "CITY": "NEW MARTINSVILLE", "STATE": "WV", "ZIP": "26155", "TYPE": "GENERAL ACUTE CARE", "STATUS": "OPEN", "BEDS": 58, "TRAUMA": "LEVEL IV" }, "geometry": { "type": "Point", "coordinates": [ -80.850032617999901, 39.681128635000093 ] } },
{ "type": "Feature", "properties": { "NAME": "BROADDUS HOSPITAL ASSOCIATION", "ADDRESS": "1 HEALTHCARE DRIVE", "CITY": "PHILIPPI", "STATE": "WV", "ZIP": "26416", "TYPE": "CRITICAL ACCESS", "STATUS": "OPEN", "BEDS": 72, "TRAUMA": "NOT AVAILABLE" }, "geometry": { "type": "Point", "coordinates": [ -80.061793, 39.143249 ] } },
{ "type": "Feature", "properties": { "NAME": "HERITAGE VALLEY BEAVER", "ADDRESS": "1000 DUTCH RIDGE ROAD", "CITY": "BEAVER", "STATE": "PA", "ZIP": "15009", "TYPE": "GENERAL ACUTE CARE", "STATUS": "OPEN", "BEDS": 361, "TRAUMA": "NOT AVAILABLE" }, "geometry": { "type": "Point", "coordinates": [ -80.323298436, 40.712044516 ] } },
{ "type": "Feature", "properties": { "NAME": "TORRANCE STATE HOSPITAL", "ADDRESS": "STATE ROUTE 1014, P O BOX 111", "CITY": "TORRANCE", "STATE": "PA", "ZIP": "15779", "TYPE": "PSYCHIATRIC", "STATUS": "CLOSED", "BEDS": 358, "TRAUMA": "NOT AVAILABLE" }, "geometry": { "type": "Point", "coordinates": [ -79.238243, 40.41484 ] } },
{ "type": "Feature", "properties": { "NAME": "EDGEWOOD SURGICAL HOSPITAL", "ADDRESS": "239 EDGEWOOD DRIVE EXTENSION", "CITY": "TRANSFER", "STATE": "PA", "ZIP": "16154", "TYPE": "GENERAL ACUTE CARE", "STATUS": "OPEN", "BEDS": 10, "TRAUMA": "NOT AVAILABLE" }, "geometry": { "type": "Point", "coordinates": [ -80.418328999, 41.330732001000115 ] } },
{ "type": "Feature", "properties": { "NAME": "ADVANCED SURGICAL HOSPITAL", "ADDRESS": "100 TRICH DRIVE", "CITY": "WASHINGTON", "STATE": "PA", "ZIP": "15301", "TYPE": "GENERAL ACUTE CARE", "STATUS": "OPEN", "BEDS": 14, "TRAUMA": "NOT AVAILABLE" }, "geometry": { "type": "Point", "coordinates": [ -80.279042, 40.156412001000042 ] } },
{ "type": "Feature", "properties": { "NAME": "LEXINGTON VA MEDICAL CENTER - COOPER", "ADDRESS": "1101 VETERANS DRIVE", "CITY": "LEXINGTON", "STATE": "KY", "ZIP": "40502", "TYPE": "MILITARY", "STATUS": "OPEN", "BEDS": -999, "TRAUMA": "NOT AVAILABLE" }, "geometry": { "type": "Point", "coordinates": [ -84.506404, 38.029804000000105 ] } },
{ "type": "Feature", "properties": { "NAME": "CINCINNATI VA MEDICAL CENTER - FORT THOMAS", "ADDRESS": "1000 S FT THOMAS AVE", "CITY": "FT THOMAS", "STATE": "KY", "ZIP": "41075", "TYPE": "MILITARY", "STATUS": "OPEN", "BEDS": -999, "TRAUMA": "NOT AVAILABLE" }, "geometry": { "type": "Point", "coordinates": [ -84.445641, 39.064603 ] } },
{ "type": "Feature", "properties": { "NAME": "ASSURANCE HEALTH CINCINNATI LLC", "ADDRESS": "11690 GROOMS ROAD", "CITY": "CINICINNATI", "STATE": "OH", "ZIP": "45242", "TYPE": "PSYCHIATRIC", "STATUS": "OPEN", "BEDS": 42, "TRAUMA": "NOT AVAILABLE" }, "geometry": { "type": "Point", "coordinates": [ -84.367425758, 39.28193974700001 ] } },
{ "type": "Feature", "properties": { "NAME": "MOUNT CARMEL REHABILITATION HOSPITAL", "ADDRESS": "597 EXECUTIVE CAMPUS DR", "CITY": "WESTERVILLE", "STATE": "OH", "ZIP": "43082", "TYPE": "REHABILITATION", "STATUS": "OPEN", "BEDS": 60, "TRAUMA": "NOT AVAILABLE" }, "geometry": { "type": "Point", "coordinates": [ -82.9485274419999, 40.144655738999965 ] } },
{ "type": "Feature", "properties": { "NAME": "VA MEDICAL CENTER - MARION, IN", "ADDRESS": "1700 E 38TH ST", "CITY": "MARION", "STATE": "IN", "ZIP": "46953", "TYPE": "MILITARY", "STATUS": "OPEN", "BEDS": 225, "TRAUMA": "NOT AVAILABLE" }, "geometry": { "type": "Point", "coordinates": [ -85.638268405, 40.520461504000032 ] } },
{ "type": "Feature", "properties": { "NAME": "AKRON CHILDREN'S HOSPITAL", "ADDRESS": "214 W BOWERY ST", "CITY": "AKRON", "STATE": "OH", "ZIP": "44308", "TYPE": "CHILDREN", "STATUS": "OPEN", "BEDS": 297, "TRAUMA": "LEVEL II PEDIATRIC" }, "geometry": { "type": "Point", "coordinates": [ -81.525285347, 41.07932209299998 ] } },
{ "type": "Feature", "properties": { "NAME": "ASSURANCE PSYCHIATRIC HOSPITAL", "ADDRESS": "900 NORTH HIGH SCHOOL ROAD", "CITY": "INDIANAPOLIS", "STATE": "IN", "ZIP": "46214", "TYPE": "PSYCHIATRIC", "STATUS": "OPEN", "BEDS": 23, "TRAUMA": "NOT AVAILABLE" }, "geometry": { "type": "Point", "coordinates": [ -86.273313, 39.777528 ] } },
{ "type": "Feature", "properties": { "NAME": "BAPTIST HEALTH RICHMOND", "ADDRESS": "801 EASTERN BYPASS", "CITY": "RICHMOND", "STATE": "KY", "ZIP": "40475", "TYPE": "GENERAL ACUTE CARE", "STATUS": "OPEN", "BEDS": 105, "TRAUMA": "NOT AVAILABLE" }, "geometry": { "type": "Point", "coordinates": [ -84.292369279999903, 37.730923012000154 ] } },
{ "type": "Feature", "properties": { "NAME": "TEN LAKES CENTER, LLC", "ADDRESS": "819 NORTH FIRST STREET, 3RD FLOOR", "CITY": "DENNISON", "STATE": "OH", "ZIP": "44621", "TYPE": "PSYCHIATRIC", "STATUS": "OPEN", "BEDS": 16, "TRAUMA": "NOT AVAILABLE" }, "geometry": { "type": "Point", "coordinates": [ -81.336345481, 40.401256862 ] } },
{ "type": "Feature", "properties": { "NAME": "NEUROPSYCHIATRIC HOSPITAL OF INDIANAPOLIS, LLC", "ADDRESS": "6720 PARKDALE PLACE, STE 100", "CITY": "INDIANAPOLIS", "STATE": "IN", "ZIP": "46254", "TYPE": "PSYCHIATRIC", "STATUS": "OPEN", "BEDS": 36, "TRAUMA": "NOT AVAILABLE" }, "geometry": { "type": "Point", "coordinates": [ -86.278987335999901, 39.826264758999983 ] } },
{ "type": "Feature", "properties": { "NAME": "SELECT SPECIALTY HOSPITAL - YOUNGSTOWN BOARDMAN", "ADDRESS": "8401 MARKET STREET, 7TH FLOOR SOUTH", "CITY": "BOARDMAN", "STATE": "OH", "ZIP": "44512", "TYPE": "LONG TERM CARE", "STATUS": "OPEN", "BEDS": 24, "TRAUMA": "NOT AVAILABLE" }, "geometry": { "type": "Point", "coordinates": [ -80.659695284999898, 40.994313905000119 ] } },
{ "type": "Feature", "properties": { "NAME": "WELLSTONE REGIONAL HOSPITAL", "ADDRESS": "2700 VISSING PARK RD", "CITY": "JEFFERSONVILLE", "STATE": "IN", "ZIP": "47130", "TYPE": "PSYCHIATRIC", "STATUS": "OPEN", "BEDS": 100, "TRAUMA": "NOT AVAILABLE" }, "geometry": { "type": "Point", "coordinates": [ -85.709325225, 38.326907294000051 ] } },
{ "type": "Feature", "properties": { "NAME": "ACUITY SPECIALTY HOSPITAL OHIO VALLEY WEIRTON", "ADDRESS": "601 COLLIERS WAY, 9TH FLOOR", "CITY": "WEIRTON", "STATE": "WV", "ZIP": "26062", "TYPE": "LONG TERM CARE", "STATUS": "OPEN", "BEDS": 20, "TRAUMA": "NOT AVAILABLE" }, "geometry": { "type": "Point", "coordinates": [ -80.527897947, 40.393255193000073 ] } },
{ "type": "Feature", "properties": { "NAME": "SELECT SPECIALTY HOSPITAL-CINCINNATI, INC", "ADDRESS": "375 DIXMYTH AVE, 15TH FLOOR", "CITY": "CINCINNATI", "STATE": "OH", "ZIP": "45220", "TYPE": "LONG TERM CARE", "STATUS": "OPEN", "BEDS": 36, "TRAUMA": "NOT AVAILABLE" }, "geometry": { "type": "Point", "coordinates": [ -84.520803574, 39.140054383000113 ] } },
{ "type": "Feature", "properties": { "NAME": "SELECT SPECIALTY HOSPITAL-NORTHEAST OHIO, INC", "ADDRESS": "1320 MERCY DRIVE, 6TH FLOOR", "CITY": "CANTON", "STATE": "OH", "ZIP": "44708", "TYPE": "LONG TERM CARE", "STATUS": "OPEN", "BEDS": 30, "TRAUMA": "NOT AVAILABLE" }, "geometry": { "type": "Point", "coordinates": [ -81.395871928, 40.812240893000165 ] } },
{ "type": "Feature", "properties": { "NAME": "KINDRED HOSPITAL CENTRAL OHIO", "ADDRESS": "335 GLESSNER AVENUE, 5TH FLOOR", "CITY": "MANSFIELD", "STATE": "OH", "ZIP": "44903", "TYPE": "LONG TERM CARE", "STATUS": "CLOSED", "BEDS": 33, "TRAUMA": "NOT AVAILABLE" }, "geometry": { "type": "Point", "coordinates": [ -82.528156365000015, 40.752656556 ] } },
{ "type": "Feature", "properties": { "NAME": "SELECT SPECIALTY HOSPITAL MT. CARMEL", "ADDRESS": "793 WEST STATE STREET, 5TH FLOOR", "CITY": "COLUMBUS", "STATE": "OH", "ZIP": "43222", "TYPE": "LONG TERM CARE", "STATUS": "OPEN", "BEDS": 24, "TRAUMA": "NOT AVAILABLE" }, "geometry": { "type": "Point", "coordinates": [ -83.022290696, 39.957855210999973 ] } },
{ "type": "Feature", "properties": { "NAME": "SELECT SPECIALTY HOSPITAL-COLUMBUS, INC", "ADDRESS": "1087 DENNISON AVENUE, 2ND FLOOR", "CITY": "COLUMBUS", "STATE": "OH", "ZIP": "43201", "TYPE": "LONG TERM CARE", "STATUS": "OPEN", "BEDS": 162, "TRAUMA": "NOT AVAILABLE" }, "geometry": { "type": "Point", "coordinates": [ -83.008832365, 39.984598599000016 ] } },
{ "type": "Feature", "properties": { "NAME": "SELECT SPECIALTY HOSPITAL COLUMBUS EAST", "ADDRESS": "181 TAYLOR AVE, 6TH FLOOR", "CITY": "COLUMBUS", "STATE": "OH", "ZIP": "43205", "TYPE": "LONG TERM CARE", "STATUS": "OPEN", "BEDS": 23, "TRAUMA": "NOT AVAILABLE" }, "geometry": { "type": "Point", "coordinates": [ -82.962863724, 39.970791330999965 ] } },
{ "type": "Feature", "properties": { "NAME": "GREENBRIAR REHABILITATION HOSPITAL", "ADDRESS": "8064 SOUTH AVENUE, SUITE ONE", "CITY": "BOARDMAN", "STATE": "OH", "ZIP": "44512", "TYPE": "REHABILITATION", "STATUS": "OPEN", "BEDS": -999, "TRAUMA": "NOT AVAILABLE" }, "geometry": { "type": "Point", "coordinates": [ -80.635042862, 41.003012590000047 ] } },
{ "type": "Feature", "properties": { "NAME": "REGENCY HOSPITAL OF CINCINNATI LLC", "ADDRESS": "10500 MONTGOMERY ROAD, 1ST FLOOR", "CITY": "CINCINNATI", "STATE": "OH", "ZIP": "45219", "TYPE": "LONG TERM CARE", "STATUS": "OPEN", "BEDS": 41, "TRAUMA": "NOT AVAILABLE" }, "geometry": { "type": "Point", "coordinates": [ -84.341354684, 39.252247454999988 ] } },
{ "type": "Feature", "properties": { "NAME": "HAVEN BEHAVIORAL SENIOR CARE OF DAYTON", "ADDRESS": "ONE ELIZABETH PLACE, E3 SUITE A", "CITY": "DAYTON", "STATE": "OH", "ZIP": "45417", "TYPE": "PSYCHIATRIC", "STATUS": "OPEN", "BEDS": 32, "TRAUMA": "NOT AVAILABLE" }, "geometry": { "type": "Point", "coordinates": [ -84.199397619, 39.747739867000107 ] } },
{ "type": "Feature", "properties": { "NAME": "ACUITY SPECIALTY OHIO VALLEY", "ADDRESS": "380 SUMMIT AVENUE, 3RD FLOOR", "CITY": "STEUBENVILLE", "STATE": "OH", "ZIP": "43952", "TYPE": "LONG TERM CARE", "STATUS": "CLOSED", "BEDS": 24, "TRAUMA": "NOT AVAILABLE" }, "geometry": { "type": "Point", "coordinates": [ -80.625591309, 40.355068850000066 ] } },
{ "type": "Feature", "properties": { "NAME": "CENTRAL INDIANA AMG SPECIALTY HOSPITAL LLC", "ADDRESS": "2401 W UNIVERSITY AVE, 8TH FL", "CITY": "MUNCIE", "STATE": "IN", "ZIP": "47303", "TYPE": "LONG TERM CARE", "STATUS": "OPEN", "BEDS": 16, "TRAUMA": "NOT AVAILABLE" }, "geometry": { "type": "Point", "coordinates": [ -85.413991448, 40.196741842000101 ] } },
{ "type": "Feature", "properties": { "NAME": "SELECT SPECIALTY HOSPITAL JOHNSTOWN", "ADDRESS": "320 MAIN STREET, THIRD FLOOR", "CITY": "JOHNSTOWN", "STATE": "PA", "ZIP": "15905", "TYPE": "LONG TERM CARE", "STATUS": "OPEN", "BEDS": 39, "TRAUMA": "NOT AVAILABLE" }, "geometry": { "type": "Point", "coordinates": [ -78.919924249, 40.305283490000129 ] } },
{ "type": "Feature", "properties": { "NAME": "OHIOHEALTH REHABILITATION HOSPITAL", "ADDRESS": "1087 DENNISON AVENUE, 4TH FLOOR", "CITY": "COLUMBUS", "STATE": "OH", "ZIP": "43201", "TYPE": "REHABILITATION", "STATUS": "OPEN", "BEDS": 74, "TRAUMA": "NOT AVAILABLE" }, "geometry": { "type": "Point", "coordinates": [ -83.008889472, 39.983927591000075 ] } },
{ "type": "Feature", "properties": { "NAME": "SELECT SPECIALTY HOSPITAL SOUTHEAST OHIO", "ADDRESS": "2000 TAMARACK ROAD, 2ND FLOOR", "CITY": "NEWARK", "STATE": "OH", "ZIP": "43055", "TYPE": "LONG TERM CARE", "STATUS": "OPEN", "BEDS": 35, "TRAUMA": "NOT AVAILABLE" }, "geometry": { "type": "Point", "coordinates": [ -82.464661787, 40.042559363000109 ] } },
{ "type": "Feature", "properties": { "NAME": "SELECT SPECIALTY HOSPITAL WARREN CAMPUS", "ADDRESS": "667 EASTLAND AVE SE, 5TH FLOOR", "CITY": "WARREN", "STATE": "OH", "ZIP": "44484", "TYPE": "LONG TERM CARE", "STATUS": "OPEN", "BEDS": 25, "TRAUMA": "NOT AVAILABLE" }, "geometry": { "type": "Point", "coordinates": [ -80.777083897, 41.230447750000089 ] } },
{ "type": "Feature", "properties": { "NAME": "HAMILTON MEMORIAL HOSPITAL DISTRICT", "ADDRESS": "611 S MARSHALL AVENUE", "CITY": "MCLEANSBORO", "STATE": "IL", "ZIP": "62859", "TYPE": "CRITICAL ACCESS", "STATUS": "OPEN", "BEDS": 25, "TRAUMA": "NOT AVAILABLE" }, "geometry": { "type": "Point", "coordinates": [ -88.540504101, 38.086851989 ] } },
{ "type": "Feature", "properties": { "NAME": "FERRELL HOSPITAL COMMUNITY FOUNDATIONS", "ADDRESS": "1201 PINE STREET", "CITY": "ELDORADO", "STATE": "IL", "ZIP": "62930", "TYPE": "CRITICAL ACCESS", "STATUS": "OPEN", "BEDS": 25, "TRAUMA": "NOT AVAILABLE" }, "geometry": { "type": "Point", "coordinates": [ -88.442171544, 37.815510447000094 ] } },
{ "type": "Feature", "properties": { "NAME": "CLAY COUNTY HOSPITAL", "ADDRESS": "911 STACY BURK DRIVE", "CITY": "FLORA", "STATE": "IL", "ZIP": "62839", "TYPE": "CRITICAL ACCESS", "STATUS": "OPEN", "BEDS": 18, "TRAUMA": "NOT AVAILABLE" }, "geometry": { "type": "Point", "coordinates": [ -88.47281706, 38.680850808000102 ] } },
{ "type": "Feature", "properties": { "NAME": "LAWRENCE COUNTY MEMORIAL HOSPITAL", "ADDRESS": "2200 W STATE ST", "CITY": "LAWRENCEVILLE", "STATE": "IL", "ZIP": "62439", "TYPE": "CRITICAL ACCESS", "STATUS": "OPEN", "BEDS": 25, "TRAUMA": "NOT AVAILABLE" }, "geometry": { "type": "Point", "coordinates": [ -87.693873249, 38.728615177999956 ] } },
{ "type": "Feature", "properties": { "NAME": "NORTON HEALTHCARE PAVILION", "ADDRESS": "315 EAST BROADWAY", "CITY": "LOUISVILLE", "STATE": "KY", "ZIP": "40232", "TYPE": "GENERAL ACUTE CARE", "STATUS": "OPEN", "BEDS": 264, "TRAUMA": "NOT AVAILABLE" }, "geometry": { "type": "Point", "coordinates": [ -85.748718539, 38.246005175000093 ] } },
{ "type": "Feature", "properties": { "NAME": "KINGS DAUGHTERS MEDICAL CENTER OHIO", "ADDRESS": "1901 ARGONNE ROAD", "CITY": "PORTSMOUTH", "STATE": "OH", "ZIP": "45662", "TYPE": "GENERAL ACUTE CARE", "STATUS": "OPEN", "BEDS": 10, "TRAUMA": "NOT AVAILABLE" }, "geometry": { "type": "Point", "coordinates": [ -82.992629178, 38.748257959999975 ] } },
{ "type": "Feature", "properties": { "NAME": "LINDNER CENTER OF HOPE", "ADDRESS": "4075 OLD WESTERN ROW ROAD", "CITY": "MASON", "STATE": "OH", "ZIP": "45040", "TYPE": "PSYCHIATRIC", "STATUS": "OPEN", "BEDS": 34, "TRAUMA": "NOT AVAILABLE" }, "geometry": { "type": "Point", "coordinates": [ -84.294586307, 39.331523088000019 ] } },
{ "type": "Feature", "properties": { "NAME": "BLUERIDGE VISTA HEALTH AND WELLNESS", "ADDRESS": "5500 VERULAM AVENUE", "CITY": "CINCINNATI", "STATE": "OH", "ZIP": "45213", "TYPE": "PSYCHIATRIC", "STATUS": "OPEN", "BEDS": 44, "TRAUMA": "NOT AVAILABLE" }, "geometry": { "type": "Point", "coordinates": [ -84.429995207, 39.173175836000041 ] } },
{ "type": "Feature", "properties": { "NAME": "SUMMIT BEHAVIORAL HEALTHCARE", "ADDRESS": "1101 SUMMIT ROAD", "CITY": "CINCINNATI", "STATE": "OH", "ZIP": "45237", "TYPE": "PSYCHIATRIC", "STATUS": "OPEN", "BEDS": 291, "TRAUMA": "NOT AVAILABLE" }, "geometry": { "type": "Point", "coordinates": [ -84.470206876, 39.195371289999976 ] } },
{ "type": "Feature", "properties": { "NAME": "WESTERVILLE MEDICAL CAMPUS", "ADDRESS": "300 POLARIS PKWY", "CITY": "WESTERVILLE", "STATE": "OH", "ZIP": "43082", "TYPE": "GENERAL ACUTE CARE", "STATUS": "CLOSED", "BEDS": -999, "TRAUMA": "NOT AVAILABLE" }, "geometry": { "type": "Point", "coordinates": [ -82.937713506, 40.147119909 ] } },
{ "type": "Feature", "properties": { "NAME": "RIVER VISTA HEALTH AND WELLNESS LLC", "ADDRESS": "1599 ALUM CREEK DRIVE", "CITY": "COLUMBUS", "STATE": "OH", "ZIP": "43209", "TYPE": "PSYCHIATRIC", "STATUS": "OPEN", "BEDS": 80, "TRAUMA": "NOT AVAILABLE" }, "geometry": { "type": "Point", "coordinates": [ -82.943230784, 39.93556583200008 ] } },
{ "type": "Feature", "properties": { "NAME": "LEXINGTON VA MEDICAL CENTER - LEESTOWN", "ADDRESS": "2250 LEESTOWN ROAD LEXINGTON", "CITY": "LEXINGTON", "STATE": "KY", "ZIP": "40511", "TYPE": "MILITARY", "STATUS": "OPEN", "BEDS": 93, "TRAUMA": "NOT AVAILABLE" }, "geometry": { "type": "Point", "coordinates": [ -84.538381, 38.073859 ] } },
{ "type": "Feature", "properties": { "NAME": "THE MEDICAL CENTER AT ALBANY", "ADDRESS": "723 BURKESVILLE ROAD", "CITY": "ALBANY", "STATE": "KY", "ZIP": "42602", "TYPE": "GENERAL ACUTE CARE", "STATUS": "OPEN", "BEDS": 42, "TRAUMA": "NOT AVAILABLE" }, "geometry": { "type": "Point", "coordinates": [ -85.147554934, 36.698187625000074 ] } },
{ "type": "Feature", "properties": { "NAME": "JANE TODD CRAWFORD MEMORIAL HOSPITAL", "ADDRESS": "202-206 MILBY STREET", "CITY": "GREENSBURG", "STATE": "KY", "ZIP": "42743", "TYPE": "CRITICAL ACCESS", "STATUS": "OPEN", "BEDS": 35, "TRAUMA": "NOT AVAILABLE" }, "geometry": { "type": "Point", "coordinates": [ -85.494790913, 37.242869922000111 ] } },
{ "type": "Feature", "properties": { "NAME": "NICHOLAS COUNTY HOSPITAL", "ADDRESS": "2323 CONCRETE RD.", "CITY": "CARLISLE", "STATE": "KY", "ZIP": "40311", "TYPE": "GENERAL ACUTE CARE", "STATUS": "CLOSED", "BEDS": 18, "TRAUMA": "NOT AVAILABLE" }, "geometry": { "type": "Point", "coordinates": [ -84.0593476559999, 38.315903201 ] } },
{ "type": "Feature", "properties": { "NAME": "ST. ELIZABETH OWEN", "ADDRESS": "330 ROLAND AVE.", "CITY": "OWENTON", "STATE": "KY", "ZIP": "40359", "TYPE": "CRITICAL ACCESS", "STATUS": "OPEN", "BEDS": 25, "TRAUMA": "NOT AVAILABLE" }, "geometry": { "type": "Point", "coordinates": [ -84.841139431, 38.542398757999983 ] } },
{ "type": "Feature", "properties": { "NAME": "WHITE FENCE SURGICAL SUITES", "ADDRESS": "7272 SMITH'S MILL ROAD", "CITY": "NEW ALBANY", "STATE": "OH", "ZIP": "43054", "TYPE": "SPECIAL", "STATUS": "OPEN", "BEDS": -999, "TRAUMA": "NOT AVAILABLE" }, "geometry": { "type": "Point", "coordinates": [ -82.790474321, 40.086349786 ] } },
{ "type": "Feature", "properties": { "NAME": "HENRY COUNTY MEMORIAL HOSPITAL", "ADDRESS": "1000 N 16TH ST", "CITY": "NEW CASTLE", "STATE": "IN", "ZIP": "47362", "TYPE": "GENERAL ACUTE CARE", "STATUS": "OPEN", "BEDS": 90, "TRAUMA": "NOT AVAILABLE" }, "geometry": { "type": "Point", "coordinates": [ -85.362963153, 39.943377009000109 ] } },
{ "type": "Feature", "properties": { "NAME": "WASHINGTON HOSPITAL", "ADDRESS": "155 WILSON AVENUE", "CITY": "WASHINGTON", "STATE": "PA", "ZIP": "15301", "TYPE": "GENERAL ACUTE CARE", "STATUS": "OPEN", "BEDS": 274, "TRAUMA": "NOT AVAILABLE" }, "geometry": { "type": "Point", "coordinates": [ -80.246606178, 40.183875108000109 ] } },
{ "type": "Feature", "properties": { "NAME": "BUTLER MEMORIAL HOSPITAL", "ADDRESS": "ONE HOSPITAL WAY", "CITY": "BUTLER", "STATE": "PA", "ZIP": "16001", "TYPE": "GENERAL ACUTE CARE", "STATUS": "OPEN", "BEDS": 296, "TRAUMA": "NOT AVAILABLE" }, "geometry": { "type": "Point", "coordinates": [ -79.881562, 40.866894 ] } },
{ "type": "Feature", "properties": { "NAME": "SELECT SPECIALTY HOSPITAL PITTSBRGH UPMC", "ADDRESS": "200 LOTHROP STREET", "CITY": "PITTSBURGH", "STATE": "PA", "ZIP": "15213", "TYPE": "LONG TERM CARE", "STATUS": "OPEN", "BEDS": 32, "TRAUMA": "NOT AVAILABLE" }, "geometry": { "type": "Point", "coordinates": [ -79.959667999, 40.442209002 ] } },
{ "type": "Feature", "properties": { "NAME": "SELECT SPECIALTY HOSPITAL MCKEESPORT", "ADDRESS": "1500 FIFTH AVENUE 6 CRAWFORD", "CITY": "MCKEESPORT", "STATE": "PA", "ZIP": "15132", "TYPE": "LONG TERM CARE", "STATUS": "OPEN", "BEDS": 30, "TRAUMA": "NOT AVAILABLE" }, "geometry": { "type": "Point", "coordinates": [ -79.849277479, 40.350576560999983 ] } },
{ "type": "Feature", "properties": { "NAME": "HERITAGE VALLEY SEWICKLEY", "ADDRESS": "720 BLACKBURN ROAD", "CITY": "SEWICKLEY", "STATE": "PA", "ZIP": "15143", "TYPE": "GENERAL ACUTE CARE", "STATUS": "OPEN", "BEDS": 186, "TRAUMA": "NOT AVAILABLE" }, "geometry": { "type": "Point", "coordinates": [ -80.177979001, 40.54257600200004 ] } },
{ "type": "Feature", "properties": { "NAME": "SOUTHWOOD PSYCHIATRIC HOSPITAL", "ADDRESS": "2575 BOYCE PLAZA ROAD", "CITY": "PITTSBURGH", "STATE": "PA", "ZIP": "15241", "TYPE": "PSYCHIATRIC", "STATUS": "OPEN", "BEDS": 44, "TRAUMA": "NOT AVAILABLE" }, "geometry": { "type": "Point", "coordinates": [ -80.112716999, 40.321204 ] } },
{ "type": "Feature", "properties": { "NAME": "WESTERN PENNSYLVANIA HOSPITAL", "ADDRESS": "4800 FRIENDSHIP AVENUE", "CITY": "PITTSBURGH", "STATE": "PA", "ZIP": "15224", "TYPE": "GENERAL ACUTE CARE", "STATUS": "OPEN", "BEDS": 251, "TRAUMA": "NOT AVAILABLE" }, "geometry": { "type": "Point", "coordinates": [ -79.946221999, 40.4618760010001 ] } },
{ "type": "Feature", "properties": { "NAME": "CLARION PSYCHIATRIC CENTER", "ADDRESS": "2 HOSPITAL DRIVE", "CITY": "CLARION", "STATE": "PA", "ZIP": "16214", "TYPE": "PSYCHIATRIC", "STATUS": "OPEN", "BEDS": 74, "TRAUMA": "NOT AVAILABLE" }, "geometry": { "type": "Point", "coordinates": [ -79.397504001, 41.193403 ] } },
{ "type": "Feature", "properties": { "NAME": "UNION HOSPITAL", "ADDRESS": "659 BOULEVARD", "CITY": "DOVER", "STATE": "OH", "ZIP": "44622", "TYPE": "GENERAL ACUTE CARE", "STATUS": "OPEN", "BEDS": 157, "TRAUMA": "NOT AVAILABLE" }, "geometry": { "type": "Point", "coordinates": [ -81.455854045, 40.514367850000021 ] } },
{ "type": "Feature", "properties": { "NAME": "MEMORIAL HOSPITAL OF UNION COUNTY", "ADDRESS": "500 LONDON AVENUE", "CITY": "MARYSVILLE", "STATE": "OH", "ZIP": "43040", "TYPE": "GENERAL ACUTE CARE", "STATUS": "OPEN", "BEDS": 97, "TRAUMA": "NOT AVAILABLE" }, "geometry": { "type": "Point", "coordinates": [ -83.367648323, 40.230082541000094 ] } },
{ "type": "Feature", "properties": { "NAME": "UPMC JAMESON", "ADDRESS": "1211 WILMINGTON AVENUE", "CITY": "NEW CASTLE", "STATE": "PA", "ZIP": "16105", "TYPE": "GENERAL ACUTE CARE", "STATUS": "OPEN", "BEDS": 254, "TRAUMA": "NOT AVAILABLE" }, "geometry": { "type": "Point", "coordinates": [ -80.352649, 41.013202002000149 ] } },
{ "type": "Feature", "properties": { "NAME": "HOLZER MEDICAL CENTER", "ADDRESS": "100 JACKSON PIKE", "CITY": "GALLIPOLIS", "STATE": "OH", "ZIP": "45631", "TYPE": "GENERAL ACUTE CARE", "STATUS": "OPEN", "BEDS": 287, "TRAUMA": "NOT AVAILABLE" }, "geometry": { "type": "Point", "coordinates": [ -82.237540286999902, 38.846473143 ] } },
{ "type": "Feature", "properties": { "NAME": "ST MARY'S VINCENT EVANSVILLE INC", "ADDRESS": "3700 WASHINGTON AVE", "CITY": "EVANSVILLE", "STATE": "IN", "ZIP": "47750", "TYPE": "GENERAL ACUTE CARE", "STATUS": "OPEN", "BEDS": 426, "TRAUMA": "LEVEL II, LEVEL II PEDIATRIC" }, "geometry": { "type": "Point", "coordinates": [ -87.502926150999897, 37.963344449000054 ] } },
{ "type": "Feature", "properties": { "NAME": "DAYTON VA MEDICAL CENTER", "ADDRESS": "4100 WEST THIRD STREET", "CITY": "DAYTON", "STATE": "OH", "ZIP": "45428", "TYPE": "MILITARY", "STATUS": "OPEN", "BEDS": 460, "TRAUMA": "NOT AVAILABLE" }, "geometry": { "type": "Point", "coordinates": [ -84.264584560999893, 39.742656683000106 ] } },
{ "type": "Feature", "properties": { "NAME": "CARDINAL HILL REHABILITATION HOSPITAL", "ADDRESS": "2050 VERSAILLES ROAD", "CITY": "LEXINGTON", "STATE": "KY", "ZIP": "40504", "TYPE": "REHABILITATION", "STATUS": "OPEN", "BEDS": 158, "TRAUMA": "NOT AVAILABLE" }, "geometry": { "type": "Point", "coordinates": [ -84.541388936, 38.046972425 ] } },
{ "type": "Feature", "properties": { "NAME": "SUMMERS COUNTY ARH HOSPITAL", "ADDRESS": "TERRACE STREET, P O BOX 940", "CITY": "HINTON", "STATE": "WV", "ZIP": "25951", "TYPE": "CRITICAL ACCESS", "STATUS": "OPEN", "BEDS": 25, "TRAUMA": "LEVEL IV" }, "geometry": { "type": "Point", "coordinates": [ -80.860294526, 37.650635947000104 ] } },
{ "type": "Feature", "properties": { "NAME": "NORTON HOSPITAL", "ADDRESS": "200 EAST CHESTNUT STREET", "CITY": "LOUISVILLE", "STATE": "KY", "ZIP": "40202", "TYPE": "GENERAL ACUTE CARE", "STATUS": "OPEN", "BEDS": 370, "TRAUMA": "NOT AVAILABLE" }, "geometry": { "type": "Point", "coordinates": [ -85.750460303999901, 38.247723146000112 ] } },
{ "type": "Feature", "properties": { "NAME": "STONEWALL JACKSON MEMORIAL HOSPITAL", "ADDRESS": "230 HOSPITAL PLAZA", "CITY": "WESTON", "STATE": "WV", "ZIP": "26452", "TYPE": "GENERAL ACUTE CARE", "STATUS": "OPEN", "BEDS": 70, "TRAUMA": "LEVEL IV" }, "geometry": { "type": "Point", "coordinates": [ -80.492091998, 39.047639944000018 ] } },
{ "type": "Feature", "properties": { "NAME": "PRESTON MEMORIAL HOSPITAL", "ADDRESS": "150 MEMORIAL DRIVE", "CITY": "KINGWOOD", "STATE": "WV", "ZIP": "26537", "TYPE": "CRITICAL ACCESS", "STATUS": "OPEN", "BEDS": 25, "TRAUMA": "LEVEL IV" }, "geometry": { "type": "Point", "coordinates": [ -79.677511607, 39.464954108000036 ] } },
{ "type": "Feature", "properties": { "NAME": "MONROE COUNTY MEDICAL CENTER", "ADDRESS": "529 CAPP HARLAN RD", "CITY": "TOMPKINSVILLE", "STATE": "KY", "ZIP": "42167", "TYPE": "GENERAL ACUTE CARE", "STATUS": "OPEN", "BEDS": 49, "TRAUMA": "NOT AVAILABLE" }, "geometry": { "type": "Point", "coordinates": [ -85.676466258999895, 36.698882495000127 ] } },
{ "type": "Feature", "properties": { "NAME": "SAINT JOSEPH MOUNT STERLING", "ADDRESS": "225 FALCON DRIVE", "CITY": "MT. STERLING", "STATE": "KY", "ZIP": "40353", "TYPE": "GENERAL ACUTE CARE", "STATUS": "OPEN", "BEDS": 42, "TRAUMA": "NOT AVAILABLE" }, "geometry": { "type": "Point", "coordinates": [ -83.945255796, 38.077121254000097 ] } },
{ "type": "Feature", "properties": { "NAME": "GRAFTON CITY HOSPITAL", "ADDRESS": "1 HOSPITAL PLAZA", "CITY": "GRAFTON", "STATE": "WV", "ZIP": "26354", "TYPE": "CRITICAL ACCESS", "STATUS": "OPEN", "BEDS": 25, "TRAUMA": "NOT AVAILABLE" }, "geometry": { "type": "Point", "coordinates": [ -80.025205926999902, 39.34381511000003 ] } },
{ "type": "Feature", "properties": { "NAME": "CARROLL COUNTY MEMORIAL HOSPITAL", "ADDRESS": "309 ELEVENTH STREET", "CITY": "CARROLLTON", "STATE": "KY", "ZIP": "41008", "TYPE": "CRITICAL ACCESS", "STATUS": "OPEN", "BEDS": 25, "TRAUMA": "NOT AVAILABLE" }, "geometry": { "type": "Point", "coordinates": [ -85.168786101, 38.680312339000103 ] } },
{ "type": "Feature", "properties": { "NAME": "LAKE CUMBERLAND REGIONAL HOSPITAL", "ADDRESS": "305 LANGDON STREET", "CITY": "SOMERSET", "STATE": "KY", "ZIP": "42502", "TYPE": "GENERAL ACUTE CARE", "STATUS": "OPEN", "BEDS": 283, "TRAUMA": "NOT AVAILABLE" }, "geometry": { "type": "Point", "coordinates": [ -84.620177051, 37.08600628 ] } },
{ "type": "Feature", "properties": { "NAME": "CRITTENDEN COUNTY HOSPITAL", "ADDRESS": "520 WEST GUM STREET", "CITY": "MARION", "STATE": "KY", "ZIP": "42064", "TYPE": "GENERAL ACUTE CARE", "STATUS": "OPEN", "BEDS": 48, "TRAUMA": "NOT AVAILABLE" }, "geometry": { "type": "Point", "coordinates": [ -88.092575435, 37.329211230000084 ] } },
{ "type": "Feature", "properties": { "NAME": "KENTUCKY CORRECTIONAL PSYCHIATRIC CENTER", "ADDRESS": "1612 DAWKINS ROAD", "CITY": "LAGRANGE", "STATE": "KY", "ZIP": "40031", "TYPE": "PSYCHIATRIC", "STATUS": "OPEN", "BEDS": 97, "TRAUMA": "NOT AVAILABLE" }, "geometry": { "type": "Point", "coordinates": [ -85.422126726, 38.412076794 ] } },
{ "type": "Feature", "properties": { "NAME": "CHALMERS P. WYLIE VA AMBULATORY CARE CENTER", "ADDRESS": "420 N JAMES RD", "CITY": "COLUMBUS", "STATE": "OH", "ZIP": "43219", "TYPE": "MILITARY", "STATUS": "OPEN", "BEDS": -999, "TRAUMA": "NOT AVAILABLE" }, "geometry": { "type": "Point", "coordinates": [ -82.909584940999906, 39.980824698000021 ] } },
{ "type": "Feature", "properties": { "NAME": "VA BUTLER HEALTHCARE", "ADDRESS": "325 NEW CASTLE RD", "CITY": "BUTLER", "STATE": "PA", "ZIP": "16001", "TYPE": "MILITARY", "STATUS": "OPEN", "BEDS": 56, "TRAUMA": "NOT AVAILABLE" }, "geometry": { "type": "Point", "coordinates": [ -79.944130835, 40.873439486000066 ] } },
{ "type": "Feature", "properties": { "NAME": "IU HEALTH UNIVERSITY HOSPITAL", "ADDRESS": "550 UNIVERSITY BLVD", "CITY": "INDIANAPOLIS", "STATE": "IN", "ZIP": "46202", "TYPE": "GENERAL ACUTE CARE", "STATUS": "OPEN", "BEDS": -999, "TRAUMA": "NOT AVAILABLE" }, "geometry": { "type": "Point", "coordinates": [ -86.176561615, 39.775283326000086 ] } },
{ "type": "Feature", "properties": { "NAME": "CINCINNATI CHILDREN'S LIBERTY", "ADDRESS": "7777 YANKEE RD", "CITY": "MIDDLETOWN", "STATE": "OH", "ZIP": "45044", "TYPE": "CHILDREN", "STATUS": "OPEN", "BEDS": 42, "TRAUMA": "NOT AVAILABLE" }, "geometry": { "type": "Point", "coordinates": [ -84.367944092999906, 39.376577246000096 ] } },
{ "type": "Feature", "properties": { "NAME": "RILEY HOSPITAL FOR CHILDREN", "ADDRESS": "705 RILEY HOSPITAL DR", "CITY": "INDIANAPOLIS", "STATE": "IN", "ZIP": "46202", "TYPE": "CHILDREN", "STATUS": "OPEN", "BEDS": -999, "TRAUMA": "LEVEL I PEDIATRIC" }, "geometry": { "type": "Point", "coordinates": [ -86.180276463, 39.777107743 ] } },
{ "type": "Feature", "properties": { "NAME": "BETHESDA ARROW SPRINGS-ER", "ADDRESS": "100 ARROW SPRINGS BLVD", "CITY": "LEBANON", "STATE": "OH", "ZIP": "45036", "TYPE": "GENERAL ACUTE CARE", "STATUS": "CLOSED", "BEDS": -999, "TRAUMA": "NOT AVAILABLE" }, "geometry": { "type": "Point", "coordinates": [ -84.209427548999898, 39.395222955000122 ] } },
{ "type": "Feature", "properties": { "NAME": "KING'S DAUGHTERS' HEALTH", "ADDRESS": "1373 EAST SR 62", "CITY": "MADISON", "STATE": "IN", "ZIP": "47250", "TYPE": "GENERAL ACUTE CARE", "STATUS": "OPEN", "BEDS": 72, "TRAUMA": "NOT AVAILABLE" }, "geometry": { "type": "Point", "coordinates": [ -85.364297964999906, 38.792507239000017 ] } },
{ "type": "Feature", "properties": { "NAME": "COMMUNITY HEALTH NETWORK REHABILITATION HOSPITAL", "ADDRESS": "7343 CLEARVISTA DRIVE", "CITY": "INDIANAPOLIS", "STATE": "IN", "ZIP": "46250", "TYPE": "REHABILITATION", "STATUS": "OPEN", "BEDS": 60, "TRAUMA": "NOT AVAILABLE" }, "geometry": { "type": "Point", "coordinates": [ -86.037910708000013, 39.898920937000049 ] } },
{ "type": "Feature", "properties": { "NAME": "CHILDREN'S HOSPITAL MEDICAL CENTER", "ADDRESS": "3333 BURNET AVENUE", "CITY": "CINCINNATI", "STATE": "OH", "ZIP": "45229", "TYPE": "CHILDREN", "STATUS": "OPEN", "BEDS": 501, "TRAUMA": "LEVEL I PEDIATRIC" }, "geometry": { "type": "Point", "coordinates": [ -84.502358184999906, 39.140906364999985 ] } },
{ "type": "Feature", "properties": { "NAME": "CINCINNATI CHILDREN'S HOSPITAL MEDICAL CENTER AT LINDNER CENTER", "ADDRESS": "4075 OLD WESTERN ROW ROAD", "CITY": "MASON", "STATE": "OH", "ZIP": "45040", "TYPE": "PSYCHIATRIC", "STATUS": "OPEN", "BEDS": 16, "TRAUMA": "NOT AVAILABLE" }, "geometry": { "type": "Point", "coordinates": [ -84.295407220999905, 39.331130476999988 ] } },
{ "type": "Feature", "properties": { "NAME": "THE RIDGE BEHAVIORAL HEALTH SYSTEM", "ADDRESS": "3050 RIO DOSA DRIVE", "CITY": "LEXINGTON", "STATE": "KY", "ZIP": "40509", "TYPE": "PSYCHIATRIC", "STATUS": "OPEN", "BEDS": 110, "TRAUMA": "NOT AVAILABLE" }, "geometry": { "type": "Point", "coordinates": [ -84.442405521, 38.004793651999989 ] } },
{ "type": "Feature", "properties": { "NAME": "UK HEALTHCARE GOOD SAMARITAN HOSPITAL", "ADDRESS": "310 SOUTH LIMESTONE STREET", "CITY": "LEXINGTON", "STATE": "KY", "ZIP": "40508", "TYPE": "GENERAL ACUTE CARE", "STATUS": "OPEN", "BEDS": 221, "TRAUMA": "NOT AVAILABLE" }, "geometry": { "type": "Point", "coordinates": [ -84.501038955, 38.042311407000106 ] } },
{ "type": "Feature", "properties": { "NAME": "BECKLEY VA MEDICAL CENTER", "ADDRESS": "200 VETERANS AVE", "CITY": "BECKLEY", "STATE": "WV", "ZIP": "25801", "TYPE": "MILITARY", "STATUS": "OPEN", "BEDS": -999, "TRAUMA": "NOT AVAILABLE" }, "geometry": { "type": "Point", "coordinates": [ -81.193200772, 37.764965481000033 ] } },
{ "type": "Feature", "properties": { "NAME": "VIBRA MAHONING VALLEY HOSPITAL TRUMBULL CAMPUS", "ADDRESS": "1350 E MARKET ST, 9TH FLOOR", "CITY": "WARREN", "STATE": "OH", "ZIP": "44482", "TYPE": "LONG TERM CARE", "STATUS": "OPEN", "BEDS": 34, "TRAUMA": "NOT AVAILABLE" }, "geometry": { "type": "Point", "coordinates": [ -80.799432587999902, 41.235767828000085 ] } },
{ "type": "Feature", "properties": { "NAME": "UNIVERSITY HOSPITALS SAMARITAN MEDICAL", "ADDRESS": "1025 CENTER ST", "CITY": "ASHLAND", "STATE": "OH", "ZIP": "44805", "TYPE": "GENERAL ACUTE CARE", "STATUS": "OPEN", "BEDS": 123, "TRAUMA": "NOT AVAILABLE" }, "geometry": { "type": "Point", "coordinates": [ -82.309537857999899, 40.859228972999944 ] } },
{ "type": "Feature", "properties": { "NAME": "AULTMAN HOSPITAL WEST", "ADDRESS": "2051 WALES AVENUE NW", "CITY": "MASSILLON", "STATE": "OH", "ZIP": "44646", "TYPE": "GENERAL ACUTE CARE", "STATUS": "OPEN", "BEDS": 8, "TRAUMA": "NOT AVAILABLE" }, "geometry": { "type": "Point", "coordinates": [ -81.50451061, 40.822193343000059 ] } },
{ "type": "Feature", "properties": { "NAME": "APPALACHIAN BEHAVIORAL HEALTH CARE", "ADDRESS": "100 HOSPITAL DRIVE", "CITY": "ATHENS", "STATE": "OH", "ZIP": "45701", "TYPE": "PSYCHIATRIC", "STATUS": "OPEN", "BEDS": 88, "TRAUMA": "NOT AVAILABLE" }, "geometry": { "type": "Point", "coordinates": [ -82.118785155000012, 39.328832859 ] } },
{ "type": "Feature", "properties": { "NAME": "BARNESVILLE HOSPITAL ASSOCIATION, INC", "ADDRESS": "639 WEST MAIN STREET, PO BOX 309", "CITY": "BARNESVILLE", "STATE": "OH", "ZIP": "43713", "TYPE": "CRITICAL ACCESS", "STATUS": "OPEN", "BEDS": 25, "TRAUMA": "NOT AVAILABLE" }, "geometry": { "type": "Point", "coordinates": [ -81.188990165999897, 39.992994953000085 ] } },
{ "type": "Feature", "properties": { "NAME": "EAST OHIO REGIONAL HOSPITAL", "ADDRESS": "90 NORTH FOURTH STREET", "CITY": "MARTINS FERRY", "STATE": "OH", "ZIP": "43935", "TYPE": "GENERAL ACUTE CARE", "STATUS": "OPEN", "BEDS": 161, "TRAUMA": "NOT AVAILABLE" }, "geometry": { "type": "Point", "coordinates": [ -80.720614902, 40.098488782000054 ] } },
{ "type": "Feature", "properties": { "NAME": "WEST CHESTER MEDICAL CENTER", "ADDRESS": "7700 UNIVERSITY DRIVE", "CITY": "WEST CHESTER", "STATE": "OH", "ZIP": "45069", "TYPE": "GENERAL ACUTE CARE", "STATUS": "OPEN", "BEDS": 194, "TRAUMA": "LEVEL III" }, "geometry": { "type": "Point", "coordinates": [ -84.367564951, 39.358023873000015 ] } },
{ "type": "Feature", "properties": { "NAME": "BETHESDA BUTLER HOSPITAL", "ADDRESS": "3125 HAMILTON MASON ROAD", "CITY": "HAMILTON", "STATE": "OH", "ZIP": "45011", "TYPE": "GENERAL ACUTE CARE", "STATUS": "OPEN", "BEDS": 10, "TRAUMA": "NOT AVAILABLE" }, "geometry": { "type": "Point", "coordinates": [ -84.515082202, 39.378343266000087 ] } },
{ "type": "Feature", "properties": { "NAME": "ACUITY SPECIALTY HOSPITAL - OHIO VALLEY AT BELMONT", "ADDRESS": "4697 HARRISON STREET", "CITY": "BELLAIRE", "STATE": "OH", "ZIP": "43906", "TYPE": "LONG TERM CARE", "STATUS": "OPEN", "BEDS": 15, "TRAUMA": "NOT AVAILABLE" }, "geometry": { "type": "Point", "coordinates": [ -80.740910776000021, 40.030521076000106 ] } },
{ "type": "Feature", "properties": { "NAME": "FORT HAMILTON HUGHES MEMORIAL HOSPITAL", "ADDRESS": "630 EATON AVENUE", "CITY": "HAMILTON", "STATE": "OH", "ZIP": "45013", "TYPE": "GENERAL ACUTE CARE", "STATUS": "OPEN", "BEDS": 274, "TRAUMA": "NOT AVAILABLE" }, "geometry": { "type": "Point", "coordinates": [ -84.572707011, 39.415548232999988 ] } },
{ "type": "Feature", "properties": { "NAME": "BECKETT SPRINGS", "ADDRESS": "8614 SHEPHERD FARM DRIVE", "CITY": "WEST CHESTER", "STATE": "OH", "ZIP": "45069", "TYPE": "PSYCHIATRIC", "STATUS": "OPEN", "BEDS": 72, "TRAUMA": "NOT AVAILABLE" }, "geometry": { "type": "Point", "coordinates": [ -84.455905119, 39.343725431000102 ] } },
{ "type": "Feature", "properties": { "NAME": "EAST LIVERPOOL CITY HOSPITAL", "ADDRESS": "425 WEST 5TH STREET", "CITY": "EAST LIVERPOOL", "STATE": "OH", "ZIP": "43920", "TYPE": "GENERAL ACUTE CARE", "STATUS": "OPEN", "BEDS": 152, "TRAUMA": "NOT AVAILABLE" }, "geometry": { "type": "Point", "coordinates": [ -80.585970467, 40.6218555150001 ] } },
{ "type": "Feature", "properties": { "NAME": "DILEY RIDGE MEDICAL CENTER", "ADDRESS": "7911 DILEY ROAD", "CITY": "CANAL WINCHESTER", "STATE": "OH", "ZIP": "43110", "TYPE": "GENERAL ACUTE CARE", "STATUS": "OPEN", "BEDS": 10, "TRAUMA": "NOT AVAILABLE" }, "geometry": { "type": "Point", "coordinates": [ -82.784080955, 39.850669895000095 ] } },
{ "type": "Feature", "properties": { "NAME": "POMEGRANATE HEALTH SYSTEMS OF COLUMBUS", "ADDRESS": "765 PIERCE DRIVE", "CITY": "COLUMBUS", "STATE": "OH", "ZIP": "43223", "TYPE": "PSYCHIATRIC", "STATUS": "OPEN", "BEDS": 20, "TRAUMA": "NOT AVAILABLE" }, "geometry": { "type": "Point", "coordinates": [ -83.018182184, 39.946702766000037 ] } },
{ "type": "Feature", "properties": { "NAME": "OHIO STATE UNIVERSITY HOSPITAL EAST", "ADDRESS": "181 TAYLOR AVE", "CITY": "COLUMBUS", "STATE": "OH", "ZIP": "43205", "TYPE": "GENERAL ACUTE CARE", "STATUS": "OPEN", "BEDS": 190, "TRAUMA": "LEVEL III" }, "geometry": { "type": "Point", "coordinates": [ -82.962875621, 39.970517693000069 ] } },
{ "type": "Feature", "properties": { "NAME": "DUBLIN METHODIST HOSPITAL", "ADDRESS": "7500 HOSPITAL AVENUE", "CITY": "DUBLIN", "STATE": "OH", "ZIP": "43016", "TYPE": "GENERAL ACUTE CARE", "STATUS": "OPEN", "BEDS": 147, "TRAUMA": "NOT AVAILABLE" }, "geometry": { "type": "Point", "coordinates": [ -83.165741969, 40.101219536000045 ] } },
{ "type": "Feature", "properties": { "NAME": "GRANT MEDICAL CENTER", "ADDRESS": "111 SOUTH GRANT AVENUE", "CITY": "COLUMBUS", "STATE": "OH", "ZIP": "43215", "TYPE": "GENERAL ACUTE CARE", "STATUS": "OPEN", "BEDS": 636, "TRAUMA": "LEVEL I" }, "geometry": { "type": "Point", "coordinates": [ -82.991001983, 39.9609732750001 ] } },
{ "type": "Feature", "properties": { "NAME": "MOUNT CARMEL WEST", "ADDRESS": "793 WEST STATE STREET", "CITY": "COLUMBUS", "STATE": "OH", "ZIP": "43222", "TYPE": "GENERAL ACUTE CARE", "STATUS": "OPEN", "BEDS": 514, "TRAUMA": "NOT AVAILABLE" }, "geometry": { "type": "Point", "coordinates": [ -83.021862392999907, 39.957426908000059 ] } },
{ "type": "Feature", "properties": { "NAME": "HOCKING VALLEY COMMUNITY HOSPITAL", "ADDRESS": "601 STATE ROUTE 664N", "CITY": "LOGAN", "STATE": "OH", "ZIP": "43138", "TYPE": "CRITICAL ACCESS", "STATUS": "OPEN", "BEDS": 30, "TRAUMA": "NOT AVAILABLE" }, "geometry": { "type": "Point", "coordinates": [ -82.429611135, 39.547952590000094 ] } },
{ "type": "Feature", "properties": { "NAME": "THREE GABLES SURGERY CENTER", "ADDRESS": "5897 COUNTY ROAD 107", "CITY": "PROCTORVILLE", "STATE": "OH", "ZIP": "45669", "TYPE": "GENERAL ACUTE CARE", "STATUS": "OPEN", "BEDS": 8, "TRAUMA": "NOT AVAILABLE" }, "geometry": { "type": "Point", "coordinates": [ -82.392982106, 38.44178847600007 ] } },
{ "type": "Feature", "properties": { "NAME": "SHEPERD HILL HOSPITAL", "ADDRESS": "200 MESSIMER DRIVE", "CITY": "NEWARK", "STATE": "OH", "ZIP": "43055", "TYPE": "PSYCHIATRIC", "STATUS": "OPEN", "BEDS": 14, "TRAUMA": "NOT AVAILABLE" }, "geometry": { "type": "Point", "coordinates": [ -82.453675102, 40.041072715999988 ] } },
{ "type": "Feature", "properties": { "NAME": "VA MEDICAL CENTER - CHILLICOTHE", "ADDRESS": "17273 OH-104", "CITY": "CHILLICOTHE", "STATE": "OH", "ZIP": "45601", "TYPE": "MILITARY", "STATUS": "OPEN", "BEDS": 141, "TRAUMA": "NOT AVAILABLE" }, "geometry": { "type": "Point", "coordinates": [ -83.020398762, 39.390431036000102 ] } },
{ "type": "Feature", "properties": { "NAME": "MIAMI VALLEY HOSPITAL SOUTH", "ADDRESS": "2400 MIAMI VALLEY DRIVE", "CITY": "CENTERVILLE", "STATE": "OH", "ZIP": "45459", "TYPE": "GENERAL ACUTE CARE", "STATUS": "OPEN", "BEDS": 87, "TRAUMA": "NOT AVAILABLE" }, "geometry": { "type": "Point", "coordinates": [ -84.114587184999905, 39.652760513000047 ] } },
{ "type": "Feature", "properties": { "NAME": "CLARK MEMORIAL HOSPITAL", "ADDRESS": "1220 MISSOURI AVE", "CITY": "JEFFERSONVILLE", "STATE": "IN", "ZIP": "47130", "TYPE": "GENERAL ACUTE CARE", "STATUS": "OPEN", "BEDS": 236, "TRAUMA": "NOT AVAILABLE" }, "geometry": { "type": "Point", "coordinates": [ -85.748631848999906, 38.282255723 ] } },
{ "type": "Feature", "properties": { "NAME": "INDIANA UNIVERSITY HEALTH BLACKFORD HOSPITAL", "ADDRESS": "410 PILGRIM BLVD", "CITY": "HARTFORD CITY", "STATE": "IN", "ZIP": "47348", "TYPE": "CRITICAL ACCESS", "STATUS": "OPEN", "BEDS": 15, "TRAUMA": "NOT AVAILABLE" }, "geometry": { "type": "Point", "coordinates": [ -85.372722522999894, 40.467946044 ] } },
{ "type": "Feature", "properties": { "NAME": "HIGHPOINT HEALTH", "ADDRESS": "600 WILSON CREEK RD", "CITY": "LAWRENCEBURG", "STATE": "IN", "ZIP": "47025", "TYPE": "GENERAL ACUTE CARE", "STATUS": "OPEN", "BEDS": 88, "TRAUMA": "NOT AVAILABLE" }, "geometry": { "type": "Point", "coordinates": [ -84.883399047999902, 39.111591354 ] } },
{ "type": "Feature", "properties": { "NAME": "WILSON MEMORIAL HOSPITAL", "ADDRESS": "915 WEST MICHIGAN STREET", "CITY": "SIDNEY", "STATE": "OH", "ZIP": "45365", "TYPE": "GENERAL ACUTE CARE", "STATUS": "OPEN", "BEDS": 90, "TRAUMA": "NOT AVAILABLE" }, "geometry": { "type": "Point", "coordinates": [ -84.170174400999898, 40.286854382000087 ] } },
{ "type": "Feature", "properties": { "NAME": "EVANSVILLE PSYCHIATRIC CHILDREN'S CENTER", "ADDRESS": "3300 E MORGAN AVE", "CITY": "EVANSVILLE", "STATE": "IN", "ZIP": "47715", "TYPE": "PSYCHIATRIC", "STATUS": "OPEN", "BEDS": 28, "TRAUMA": "NOT AVAILABLE" }, "geometry": { "type": "Point", "coordinates": [ -87.50906592, 37.993908018000056 ] } },
{ "type": "Feature", "properties": { "NAME": "TRIHEALTH REHABILITATION HOSPITAL LLC", "ADDRESS": "2155 DANA AVENUE", "CITY": "CINCINNATI", "STATE": "OH", "ZIP": "45207", "TYPE": "REHABILITATION", "STATUS": "OPEN", "BEDS": 60, "TRAUMA": "NOT AVAILABLE" }, "geometry": { "type": "Point", "coordinates": [ -84.459165341000016, 39.144704753000021 ] } },
{ "type": "Feature", "properties": { "NAME": "DECATUR COUNTY MEMORIAL HOSPITAL", "ADDRESS": "720 N LINCOLN ST", "CITY": "GREENSBURG", "STATE": "IN", "ZIP": "47240", "TYPE": "CRITICAL ACCESS", "STATUS": "OPEN", "BEDS": 25, "TRAUMA": "NOT AVAILABLE" }, "geometry": { "type": "Point", "coordinates": [ -85.478711943, 39.344223887000062 ] } },
{ "type": "Feature", "properties": { "NAME": "ALLIANCE COMMUNITY HOSPITAL", "ADDRESS": "200 EAST STATE STREET", "CITY": "ALLIANCE", "STATE": "OH", "ZIP": "44601", "TYPE": "GENERAL ACUTE CARE", "STATUS": "OPEN", "BEDS": 255, "TRAUMA": "NOT AVAILABLE" }, "geometry": { "type": "Point", "coordinates": [ -81.102712915, 40.902582625 ] } },
{ "type": "Feature", "properties": { "NAME": "MONROE HOSPITAL", "ADDRESS": "4011 S MONROE MEDICAL PARK BLVD", "CITY": "BLOOMINGTON", "STATE": "IN", "ZIP": "47403", "TYPE": "GENERAL ACUTE CARE", "STATUS": "OPEN", "BEDS": 32, "TRAUMA": "NOT AVAILABLE" }, "geometry": { "type": "Point", "coordinates": [ -86.57195222, 39.120608663999967 ] } },
{ "type": "Feature", "properties": { "NAME": "COMMUNITY HOSPITAL NORTH", "ADDRESS": "7150 CLEARVISTA DR", "CITY": "INDIANAPOLIS", "STATE": "IN", "ZIP": "46256", "TYPE": "GENERAL ACUTE CARE", "STATUS": "OPEN", "BEDS": 339, "TRAUMA": "NOT AVAILABLE" }, "geometry": { "type": "Point", "coordinates": [ -86.0421630929999, 39.901116092000109 ] } },
{ "type": "Feature", "properties": { "NAME": "COMMUNITY HOSPITAL SOUTH", "ADDRESS": "1402 E COUNTY LINE RD S", "CITY": "INDIANAPOLIS", "STATE": "IN", "ZIP": "46227", "TYPE": "GENERAL ACUTE CARE", "STATUS": "OPEN", "BEDS": 158, "TRAUMA": "NOT AVAILABLE" }, "geometry": { "type": "Point", "coordinates": [ -86.132651341, 39.63680297999997 ] } },
{ "type": "Feature", "properties": { "NAME": "OPTIONS BEHAVIORAL HEALTH SYSTEM", "ADDRESS": "5602 CAITO DRIVE", "CITY": "INDIANAPOLIS", "STATE": "IN", "ZIP": "46226", "TYPE": "PSYCHIATRIC", "STATUS": "OPEN", "BEDS": 56, "TRAUMA": "NOT AVAILABLE" }, "geometry": { "type": "Point", "coordinates": [ -86.04373859, 39.855761569000038 ] } },
{ "type": "Feature", "properties": { "NAME": "FAIRBANKS", "ADDRESS": "8102 CLEARVISTA PARKWAY", "CITY": "INDIANAPOLIS", "STATE": "IN", "ZIP": "46256", "TYPE": "REHABILITATION", "STATUS": "OPEN", "BEDS": 86, "TRAUMA": "NOT AVAILABLE" }, "geometry": { "type": "Point", "coordinates": [ -86.040944477, 39.902689271000035 ] } },
{ "type": "Feature", "properties": { "NAME": "IU HEALTH JAY HOSPITAL", "ADDRESS": "500 W VOTAW ST", "CITY": "PORTLAND", "STATE": "IN", "ZIP": "47371", "TYPE": "CRITICAL ACCESS", "STATUS": "OPEN", "BEDS": 35, "TRAUMA": "NOT AVAILABLE" }, "geometry": { "type": "Point", "coordinates": [ -84.984920242, 40.441298365000108 ] } },
{ "type": "Feature", "properties": { "NAME": "KING'S DAUGHTERS' HOSPITAL AND HEALTH SERVICES,THE", "ADDRESS": "1 KINGS DAUGHTERS DR", "CITY": "MADISON", "STATE": "IN", "ZIP": "47250", "TYPE": "GENERAL ACUTE CARE", "STATUS": "CLOSED", "BEDS": 77, "TRAUMA": "NOT AVAILABLE" }, "geometry": { "type": "Point", "coordinates": [ -85.381351085999896, 38.738707149999982 ] } },
{ "type": "Feature", "properties": { "NAME": "HARRISON COUNTY HOSPITAL", "ADDRESS": "1141 HOSPITAL DR NW", "CITY": "CORYDON", "STATE": "IN", "ZIP": "47112", "TYPE": "CRITICAL ACCESS", "STATUS": "OPEN", "BEDS": 25, "TRAUMA": "NOT AVAILABLE" }, "geometry": { "type": "Point", "coordinates": [ -86.147688988, 38.237875285000037 ] } },
{ "type": "Feature", "properties": { "NAME": "BELMONT PINES HOSPITAL", "ADDRESS": "615 CHURCHILL-HUBBARD RD", "CITY": "YOUNGSTOWN", "STATE": "OH", "ZIP": "44505", "TYPE": "PSYCHIATRIC", "STATUS": "OPEN", "BEDS": 46, "TRAUMA": "NOT AVAILABLE" }, "geometry": { "type": "Point", "coordinates": [ -80.655643912999906, 41.161310212000018 ] } },
{ "type": "Feature", "properties": { "NAME": "UPMC NORTHWEST - SENECA", "ADDRESS": "100 FAIRFIELD DRIVE", "CITY": "SENECA", "STATE": "PA", "ZIP": "16346", "TYPE": "GENERAL ACUTE CARE", "STATUS": "OPEN", "BEDS": 164, "TRAUMA": "LEVEL III" }, "geometry": { "type": "Point", "coordinates": [ -79.700627738, 41.361383413000091 ] } },
{ "type": "Feature", "properties": { "NAME": "CONEMAUGH MEMORIAL HOSPITAL", "ADDRESS": "1086 FRANKLIN STREET", "CITY": "JOHNSTOWN", "STATE": "PA", "ZIP": "15905", "TYPE": "GENERAL ACUTE CARE", "STATUS": "OPEN", "BEDS": 486, "TRAUMA": "LEVEL I" }, "geometry": { "type": "Point", "coordinates": [ -78.918362413, 40.305749795000068 ] } },
{ "type": "Feature", "properties": { "NAME": "PUNXSUTAWNEY AREA HOSPITAL", "ADDRESS": "81 HILLCREST DRIVE", "CITY": "PUNXSUTAWNEY", "STATE": "PA", "ZIP": "15767", "TYPE": "GENERAL ACUTE CARE", "STATUS": "OPEN", "BEDS": 49, "TRAUMA": "NOT AVAILABLE" }, "geometry": { "type": "Point", "coordinates": [ -78.999666001, 40.961046 ] } },
{ "type": "Feature", "properties": { "NAME": "PENN HIGHLANDS BROOKVILLE", "ADDRESS": "100 HOSPITAL ROAD", "CITY": "BROOKVILLE", "STATE": "PA", "ZIP": "15825", "TYPE": "GENERAL ACUTE CARE", "STATUS": "OPEN", "BEDS": 35, "TRAUMA": "NOT AVAILABLE" }, "geometry": { "type": "Point", "coordinates": [ -79.093332991, 41.156529422000077 ] } },
{ "type": "Feature", "properties": { "NAME": "BRADFORD REGIONAL MEDICAL CENTER", "ADDRESS": "116 INTERSTATE PARKWAY", "CITY": "BRADFORD", "STATE": "PA", "ZIP": "16701", "TYPE": "GENERAL ACUTE CARE", "STATUS": "OPEN", "BEDS": 107, "TRAUMA": "NOT AVAILABLE" }, "geometry": { "type": "Point", "coordinates": [ -78.659430998999895, 41.96119300099997 ] } },
{ "type": "Feature", "properties": { "NAME": "PENN HIGHLANDS ELK", "ADDRESS": "763 JOHNSONBURG ROAD", "CITY": "ST MARYS", "STATE": "PA", "ZIP": "15857", "TYPE": "GENERAL ACUTE CARE", "STATUS": "OPEN", "BEDS": 80, "TRAUMA": "NOT AVAILABLE" }, "geometry": { "type": "Point", "coordinates": [ -78.578211258, 41.426371779000142 ] } },
{ "type": "Feature", "properties": { "NAME": "AVITA ONTARIO", "ADDRESS": "715 RICHLAND MALL", "CITY": "MANSFIELD", "STATE": "OH", "ZIP": "44906", "TYPE": "GENERAL ACUTE CARE", "STATUS": "OPEN", "BEDS": 26, "TRAUMA": "NOT AVAILABLE" }, "geometry": { "type": "Point", "coordinates": [ -82.593602413, 40.771483355999983 ] } },
{ "type": "Feature", "properties": { "NAME": "UPMC SHADYSIDE-ER", "ADDRESS": "5230 CENTRE AVE", "CITY": "PITTSBURGH", "STATE": "PA", "ZIP": "15232", "TYPE": "GENERAL ACUTE CARE", "STATUS": "OPEN", "BEDS": 520, "TRAUMA": "NOT AVAILABLE" }, "geometry": { "type": "Point", "coordinates": [ -79.939767752, 40.454588351999988 ] } },
{ "type": "Feature", "properties": { "NAME": "PUTNAM COUNTY HOSPITAL", "ADDRESS": "1542 S BLOOMINGTON ST", "CITY": "GREENCASTLE", "STATE": "IN", "ZIP": "46135", "TYPE": "CRITICAL ACCESS", "STATUS": "OPEN", "BEDS": 25, "TRAUMA": "NOT AVAILABLE" }, "geometry": { "type": "Point", "coordinates": [ -86.847799736, 39.621171255999982 ] } },
{ "type": "Feature", "properties": { "NAME": "UPMC EAST", "ADDRESS": "2775 MOSSIDE BLVD", "CITY": "MONROEVILLE", "STATE": "PA", "ZIP": "15146", "TYPE": "GENERAL ACUTE CARE", "STATUS": "OPEN", "BEDS": 155, "TRAUMA": "NOT AVAILABLE" }, "geometry": { "type": "Point", "coordinates": [ -79.7598967549999, 40.436430380000019 ] } },
{ "type": "Feature", "properties": { "NAME": "ST VINCENT CLAY HOSPITAL INC", "ADDRESS": "1206 E NATIONAL AVE", "CITY": "BRAZIL", "STATE": "IN", "ZIP": "47834", "TYPE": "CRITICAL ACCESS", "STATUS": "OPEN", "BEDS": 25, "TRAUMA": "NOT AVAILABLE" }, "geometry": { "type": "Point", "coordinates": [ -87.111811211, 39.529071160999969 ] } },
{ "type": "Feature", "properties": { "NAME": "ST VINCENT RANDOLPH HOSPITAL INC", "ADDRESS": "473 E GREENVILLE AVE", "CITY": "WINCHESTER", "STATE": "IN", "ZIP": "47394", "TYPE": "CRITICAL ACCESS", "STATUS": "OPEN", "BEDS": 25, "TRAUMA": "NOT AVAILABLE" }, "geometry": { "type": "Point", "coordinates": [ -84.968977999999893, 40.169009 ] } },
{ "type": "Feature", "properties": { "NAME": "WOMEN'S HOSPITAL THE", "ADDRESS": "4199 GATEWAY BLVD", "CITY": "NEWBURGH", "STATE": "IN", "ZIP": "47630", "TYPE": "SPECIAL", "STATUS": "OPEN", "BEDS": 74, "TRAUMA": "NOT AVAILABLE" }, "geometry": { "type": "Point", "coordinates": [ -87.447302062999896, 37.97379252700005 ] } },
{ "type": "Feature", "properties": { "NAME": "RICHMOND STATE HOSPITAL", "ADDRESS": "498 NW 18TH ST", "CITY": "RICHMOND", "STATE": "IN", "ZIP": "47374", "TYPE": "PSYCHIATRIC", "STATUS": "OPEN", "BEDS": 30, "TRAUMA": "NOT AVAILABLE" }, "geometry": { "type": "Point", "coordinates": [ -84.925713754999904, 39.838912646000047 ] } },
{ "type": "Feature", "properties": { "NAME": "SELECT SPECIALTY HOSPITAL LAUREL HIGHLANDS INC", "ADDRESS": "1 MELLON WAY", "CITY": "LATROBE", "STATE": "PA", "ZIP": "15650", "TYPE": "LONG TERM CARE", "STATUS": "OPEN", "BEDS": 40, "TRAUMA": "NOT AVAILABLE" }, "geometry": { "type": "Point", "coordinates": [ -79.393577452, 40.321274809000016 ] } },
{ "type": "Feature", "properties": { "NAME": "SUN BEHAVIORAL COLUMBUS", "ADDRESS": "900 EAST DUBLIN GRANVILLE ROAD", "CITY": "COLUMBUS", "STATE": "OH", "ZIP": "43229", "TYPE": "PSYCHIATRIC", "STATUS": "OPEN", "BEDS": 81, "TRAUMA": "NOT AVAILABLE" }, "geometry": { "type": "Point", "coordinates": [ -82.993511181, 40.089141558000115 ] } },
{ "type": "Feature", "properties": { "NAME": "ST VINCENT CARMEL HOSPITAL INC", "ADDRESS": "13500 N MERIDIAN ST", "CITY": "CARMEL", "STATE": "IN", "ZIP": "46032", "TYPE": "GENERAL ACUTE CARE", "STATUS": "OPEN", "BEDS": 107, "TRAUMA": "NOT AVAILABLE" }, "geometry": { "type": "Point", "coordinates": [ -86.144020037, 39.982446345000014 ] } },
{ "type": "Feature", "properties": { "NAME": "ST VINCENT HEART CENTER OF INDIANA LLC", "ADDRESS": "10580 N MERIDIAN ST", "CITY": "INDIANAPOLIS", "STATE": "IN", "ZIP": "46290", "TYPE": "SPECIAL", "STATUS": "OPEN", "BEDS": 107, "TRAUMA": "NOT AVAILABLE" }, "geometry": { "type": "Point", "coordinates": [ -86.159170257, 39.939347373000025 ] } },
{ "type": "Feature", "properties": { "NAME": "ST VINCENT SETON SPECIALTY HOSPITAL, INDIANAPOLIS", "ADDRESS": "8050 TOWNSHIP LINE RD", "CITY": "INDIANAPOLIS", "STATE": "IN", "ZIP": "46260", "TYPE": "LONG TERM CARE", "STATUS": "OPEN", "BEDS": 74, "TRAUMA": "NOT AVAILABLE" }, "geometry": { "type": "Point", "coordinates": [ -86.204365544, 39.901812457000098 ] } },
{ "type": "Feature", "properties": { "NAME": "COMMUNITY WESTVIEW HOSPITAL", "ADDRESS": "3630 GUION RD", "CITY": "INDIANAPOLIS", "STATE": "IN", "ZIP": "46222", "TYPE": "GENERAL ACUTE CARE", "STATUS": "CLOSED", "BEDS": 68, "TRAUMA": "NOT AVAILABLE" }, "geometry": { "type": "Point", "coordinates": [ -86.222438396, 39.82094071099997 ] } },
{ "type": "Feature", "properties": { "NAME": "OHIO VALLEY MEDICAL CENTER", "ADDRESS": "100 WEST MAIN STREET", "CITY": "SPRINGFIELD", "STATE": "OH", "ZIP": "45502", "TYPE": "SPECIAL", "STATUS": "OPEN", "BEDS": 24, "TRAUMA": "NOT AVAILABLE" }, "geometry": { "type": "Point", "coordinates": [ -83.813022581, 39.925000162000103 ] } },
{ "type": "Feature", "properties": { "NAME": "SCHNECK MEDICAL CENTER", "ADDRESS": "411 W TIPTON ST", "CITY": "SEYMOUR", "STATE": "IN", "ZIP": "47274", "TYPE": "GENERAL ACUTE CARE", "STATUS": "OPEN", "BEDS": 93, "TRAUMA": "NOT AVAILABLE" }, "geometry": { "type": "Point", "coordinates": [ -85.891833925, 38.955740442000028 ] } },
{ "type": "Feature", "properties": { "NAME": "SOUTHERN INDIANA REHABILITATION HOSPITAL", "ADDRESS": "3104 BLACKISTON BLVD", "CITY": "NEW ALBANY", "STATE": "IN", "ZIP": "47150", "TYPE": "REHABILITATION", "STATUS": "OPEN", "BEDS": 60, "TRAUMA": "NOT AVAILABLE" }, "geometry": { "type": "Point", "coordinates": [ -85.794721707, 38.336701324 ] } },
{ "type": "Feature", "properties": { "NAME": "BERGER HOSPITAL", "ADDRESS": "600 NORTH PICKAWAY STREET", "CITY": "CIRCLEVILLE", "STATE": "OH", "ZIP": "43113", "TYPE": "GENERAL ACUTE CARE", "STATUS": "OPEN", "BEDS": 82, "TRAUMA": "NOT AVAILABLE" }, "geometry": { "type": "Point", "coordinates": [ -82.936211758999903, 39.610338898000094 ] } },
{ "type": "Feature", "properties": { "NAME": "BLUEFIELD REGIONAL MEDICAL CENTER", "ADDRESS": "500 CHERRY ST", "CITY": "BLUEFIELD", "STATE": "WV", "ZIP": "24701", "TYPE": "GENERAL ACUTE CARE", "STATUS": "OPEN", "BEDS": 92, "TRAUMA": "LEVEL IV" }, "geometry": { "type": "Point", "coordinates": [ -81.235507471999895, 37.255732319000067 ] } },
{ "type": "Feature", "properties": { "NAME": "LOUIS A. JOHNSON VA MEDICAL CENTER", "ADDRESS": "1 MED CENTER DR", "CITY": "CLARKSBURG", "STATE": "WV", "ZIP": "26301", "TYPE": "MILITARY", "STATUS": "OPEN", "BEDS": -999, "TRAUMA": "NOT AVAILABLE" }, "geometry": { "type": "Point", "coordinates": [ -80.362121413, 39.269734119000127 ] } },
{ "type": "Feature", "properties": { "NAME": "FAIRMONT GENERAL HOSPITAL", "ADDRESS": "1325 LOCUST AVENUE", "CITY": "FAIRMONT", "STATE": "WV", "ZIP": "26554", "TYPE": "GENERAL ACUTE CARE", "STATUS": "OPEN", "BEDS": 207, "TRAUMA": "NOT AVAILABLE" }, "geometry": { "type": "Point", "coordinates": [ -80.165372706, 39.482335330000154 ] } },
{ "type": "Feature", "properties": { "NAME": "MT CARMEL EAST HOSPITAL", "ADDRESS": "6001 E BROAD ST", "CITY": "COLUMBUS", "STATE": "OH", "ZIP": "43213", "TYPE": "GENERAL ACUTE CARE", "STATUS": "OPEN", "BEDS": 461, "TRAUMA": "LEVEL II" }, "geometry": { "type": "Point", "coordinates": [ -82.843307830999905, 39.976919332000129 ] } },
{ "type": "Feature", "properties": { "NAME": "SOUTHVIEW HOSPITAL", "ADDRESS": "1997 MIAMISBURG CENTERVILLE RD", "CITY": "DAYTON", "STATE": "OH", "ZIP": "45459", "TYPE": "GENERAL ACUTE CARE", "STATUS": "OPEN", "BEDS": 128, "TRAUMA": "NOT AVAILABLE" }, "geometry": { "type": "Point", "coordinates": [ -84.203420173, 39.635396614000072 ] } },
{ "type": "Feature", "properties": { "NAME": "TRINITY MEDICAL CENTER WEST-ER", "ADDRESS": "4000 JOHNSON RD", "CITY": "STEUBENVILLE", "STATE": "OH", "ZIP": "43952", "TYPE": "GENERAL ACUTE CARE", "STATUS": "OPEN", "BEDS": 256, "TRAUMA": "NOT AVAILABLE" }, "geometry": { "type": "Point", "coordinates": [ -80.659033898, 40.367774108999974 ] } },
{ "type": "Feature", "properties": { "NAME": "AKRON CHILDREN'S HOSP BEEGHLY", "ADDRESS": "6505 MARKET ST", "CITY": "BOARDMAN", "STATE": "OH", "ZIP": "44512", "TYPE": "CHILDREN", "STATUS": "OPEN", "BEDS": 43, "TRAUMA": "NOT AVAILABLE" }, "geometry": { "type": "Point", "coordinates": [ -80.660481042, 41.03255483600001 ] } },
{ "type": "Feature", "properties": { "NAME": "REID HOSPITAL & HEALTH CARE SERVICES", "ADDRESS": "1100 REID PKWY", "CITY": "RICHMOND", "STATE": "IN", "ZIP": "47374", "TYPE": "GENERAL ACUTE CARE", "STATUS": "OPEN", "BEDS": 221, "TRAUMA": "LEVEL III" }, "geometry": { "type": "Point", "coordinates": [ -84.884284517, 39.864710012999986 ] } },
{ "type": "Feature", "properties": { "NAME": "UNIVERSITY OF KY HOSPITAL", "ADDRESS": "800 ROSE STREET", "CITY": "LEXINGTON", "STATE": "KY", "ZIP": "40536", "TYPE": "GENERAL ACUTE CARE", "STATUS": "OPEN", "BEDS": 724, "TRAUMA": "LEVEL I, LEVEL I PEDIATRIC" }, "geometry": { "type": "Point", "coordinates": [ -84.507442990999905, 38.030964611999963 ] } },
{ "type": "Feature", "properties": { "NAME": "SOIN MEDICAL CENTER", "ADDRESS": "3535 PENTAGON PARK BLVD", "CITY": "BEAVERCREEK", "STATE": "OH", "ZIP": "45431", "TYPE": "GENERAL ACUTE CARE", "STATUS": "OPEN", "BEDS": 127, "TRAUMA": "LEVEL III" }, "geometry": { "type": "Point", "coordinates": [ -84.063052985999903, 39.771043940000034 ] } },
{ "type": "Feature", "properties": { "NAME": "GREENE MEMORIAL HOSPITAL", "ADDRESS": "1141 NORTH MONROE DRIVE", "CITY": "XENIA", "STATE": "OH", "ZIP": "45385", "TYPE": "GENERAL ACUTE CARE", "STATUS": "OPEN", "BEDS": 49, "TRAUMA": "LEVEL III" }, "geometry": { "type": "Point", "coordinates": [ -83.927740612, 39.700125172000071 ] } },
{ "type": "Feature", "properties": { "NAME": "UNIVERSITY OF CINCINNATI MEDICAL CENTER, LLC", "ADDRESS": "234 GOODMAN STREET", "CITY": "CINCINNATI", "STATE": "OH", "ZIP": "45219", "TYPE": "GENERAL ACUTE CARE", "STATUS": "OPEN", "BEDS": 699, "TRAUMA": "LEVEL I" }, "geometry": { "type": "Point", "coordinates": [ -84.503716116, 39.138357662000018 ] } },
{ "type": "Feature", "properties": { "NAME": "MADISON COUNTY HOSPITAL INC", "ADDRESS": "210 NORTH MAIN STREET", "CITY": "LONDON", "STATE": "OH", "ZIP": "43140", "TYPE": "GENERAL ACUTE CARE", "STATUS": "OPEN", "BEDS": 94, "TRAUMA": "NOT AVAILABLE" }, "geometry": { "type": "Point", "coordinates": [ -83.454255459, 39.892554598000089 ] } },
{ "type": "Feature", "properties": { "NAME": "SURGICAL HOSPITAL AT SOUTHWOODS", "ADDRESS": "7630 SOUTHERN BLVD", "CITY": "YOUNGSTOWN", "STATE": "OH", "ZIP": "44512", "TYPE": "GENERAL ACUTE CARE", "STATUS": "OPEN", "BEDS": 36, "TRAUMA": "NOT AVAILABLE" }, "geometry": { "type": "Point", "coordinates": [ -80.655617677, 41.01547565500001 ] } },
{ "type": "Feature", "properties": { "NAME": "SUMMA WADSWORTH-RITTMAN HOSPITAL", "ADDRESS": "195 WADSWORTH ROAD", "CITY": "WADSWORTH", "STATE": "OH", "ZIP": "44281", "TYPE": "GENERAL ACUTE CARE", "STATUS": "CLOSED", "BEDS": 50, "TRAUMA": "NOT AVAILABLE" }, "geometry": { "type": "Point", "coordinates": [ -81.751615180000016, 41.028286812 ] } },
{ "type": "Feature", "properties": { "NAME": "MERCER COUNTY JOINT TOWNSHIP COMMUNITY HOSPITAL", "ADDRESS": "800 WEST MAIN STREET", "CITY": "COLDWATER", "STATE": "OH", "ZIP": "45828", "TYPE": "GENERAL ACUTE CARE", "STATUS": "OPEN", "BEDS": 88, "TRAUMA": "NOT AVAILABLE" }, "geometry": { "type": "Point", "coordinates": [ -84.638904251, 40.480755908 ] } },
{ "type": "Feature", "properties": { "NAME": "UPPER VALLEY MEDICAL CENTER", "ADDRESS": "3130 NORTH COUNTY ROAD 25A", "CITY": "TROY", "STATE": "OH", "ZIP": "45373", "TYPE": "GENERAL ACUTE CARE", "STATUS": "OPEN", "BEDS": 193, "TRAUMA": "NOT AVAILABLE" }, "geometry": { "type": "Point", "coordinates": [ -84.229927999, 40.085874431000029 ] } },
{ "type": "Feature", "properties": { "NAME": "GRANDVIEW HOSPITAL & MEDICAL CENTER", "ADDRESS": "405 GRAND AVENUE", "CITY": "DAYTON", "STATE": "OH", "ZIP": "45405", "TYPE": "GENERAL ACUTE CARE", "STATUS": "OPEN", "BEDS": 289, "TRAUMA": "LEVEL III" }, "geometry": { "type": "Point", "coordinates": [ -84.202233621999895, 39.770040754 ] } },
{ "type": "Feature", "properties": { "NAME": "KETTERING MEDICAL CENTER", "ADDRESS": "3535 SOUTHERN BOULEVARD", "CITY": "KETTERING", "STATE": "OH", "ZIP": "45429", "TYPE": "GENERAL ACUTE CARE", "STATUS": "OPEN", "BEDS": 456, "TRAUMA": "LEVEL II" }, "geometry": { "type": "Point", "coordinates": [ -84.192429516999894, 39.697286574 ] } },
{ "type": "Feature", "properties": { "NAME": "LIFE CARE HOSPITALS OF DAYTON", "ADDRESS": "4000 MIAMISBURG-CENTERVILLE ROAD", "CITY": "MIAMISBURG", "STATE": "OH", "ZIP": "45342", "TYPE": "LONG TERM CARE", "STATUS": "OPEN", "BEDS": 44, "TRAUMA": "NOT AVAILABLE" }, "geometry": { "type": "Point", "coordinates": [ -84.24827312, 39.637588716999971 ] } },
{ "type": "Feature", "properties": { "NAME": "KINDRED HOSPITALS-DAYTON", "ADDRESS": "707 EAST EDWIN C MOSES BLVD", "CITY": "DAYTON", "STATE": "OH", "ZIP": "45417", "TYPE": "LONG TERM CARE", "STATUS": "OPEN", "BEDS": 67, "TRAUMA": "NOT AVAILABLE" }, "geometry": { "type": "Point", "coordinates": [ -84.197911442, 39.746703953000114 ] } },
{ "type": "Feature", "properties": { "NAME": "GENESIS HOSPITAL", "ADDRESS": "2951 MAPLE AVENUE", "CITY": "ZANESVILLE", "STATE": "OH", "ZIP": "43701", "TYPE": "GENERAL ACUTE CARE", "STATUS": "OPEN", "BEDS": 321, "TRAUMA": "LEVEL III" }, "geometry": { "type": "Point", "coordinates": [ -82.016500661, 39.974808289000151 ] } },
{ "type": "Feature", "properties": { "NAME": "AULTMAN HOSPITAL", "ADDRESS": "2600 SIXTH STREET SW", "CITY": "CANTON", "STATE": "OH", "ZIP": "44710", "TYPE": "GENERAL ACUTE CARE", "STATUS": "OPEN", "BEDS": 820, "TRAUMA": "LEVEL II" }, "geometry": { "type": "Point", "coordinates": [ -81.403062215, 40.797319151000096 ] } },
{ "type": "Feature", "properties": { "NAME": "EXCELA HEALTH LATROBE HOSPITAL", "ADDRESS": "1 MELLON WAY", "CITY": "LATROBE", "STATE": "PA", "ZIP": "15650", "TYPE": "GENERAL ACUTE CARE", "STATUS": "OPEN", "BEDS": 188, "TRAUMA": "NOT AVAILABLE" }, "geometry": { "type": "Point", "coordinates": [ -79.394660106999893, 40.321143939000081 ] } },
{ "type": "Feature", "properties": { "NAME": "EXCELA HEALTH WESTMORELAND HOSPITAL", "ADDRESS": "532 WEST PITTSBURGH STREET", "CITY": "GREENSBURG", "STATE": "PA", "ZIP": "15601", "TYPE": "GENERAL ACUTE CARE", "STATUS": "OPEN", "BEDS": 364, "TRAUMA": "NOT AVAILABLE" }, "geometry": { "type": "Point", "coordinates": [ -79.55451328800001, 40.300795195 ] } },
{ "type": "Feature", "properties": { "NAME": "WARREN GENERAL HOSPITAL", "ADDRESS": "TWO CRESCENT PARK WEST, PO BOX 68", "CITY": "WARREN", "STATE": "PA", "ZIP": "16365", "TYPE": "GENERAL ACUTE CARE", "STATUS": "OPEN", "BEDS": 89, "TRAUMA": "NOT AVAILABLE" }, "geometry": { "type": "Point", "coordinates": [ -79.15461, 41.843328001 ] } },
{ "type": "Feature", "properties": { "NAME": "CANONSBURG GENERAL HOSPITAL", "ADDRESS": "100 MEDICAL BOULEVARD", "CITY": "CANONSBURG", "STATE": "PA", "ZIP": "15317", "TYPE": "GENERAL ACUTE CARE", "STATUS": "OPEN", "BEDS": 104, "TRAUMA": "NOT AVAILABLE" }, "geometry": { "type": "Point", "coordinates": [ -80.190674, 40.245970000000113 ] } },
{ "type": "Feature", "properties": { "NAME": "MONONGAHELA VALLEY HOSPITAL", "ADDRESS": "1163 COUNTRY CLUB ROAD", "CITY": "MONONGAHELA", "STATE": "PA", "ZIP": "15063", "TYPE": "GENERAL ACUTE CARE", "STATUS": "OPEN", "BEDS": 210, "TRAUMA": "NOT AVAILABLE" }, "geometry": { "type": "Point", "coordinates": [ -79.911216001000014, 40.182206 ] } },
{ "type": "Feature", "properties": { "NAME": "UPMC MERCY", "ADDRESS": "1400 LOCUST STREET", "CITY": "PITTSBURGH", "STATE": "PA", "ZIP": "15219", "TYPE": "GENERAL ACUTE CARE", "STATUS": "OPEN", "BEDS": 495, "TRAUMA": "LEVEL I" }, "geometry": { "type": "Point", "coordinates": [ -79.985113999, 40.436099000000134 ] } },
{ "type": "Feature", "properties": { "NAME": "OHIO VALLEY GENERAL HOSPITAL", "ADDRESS": "25 HECKEL ROAD", "CITY": "MCKEES ROCKS", "STATE": "PA", "ZIP": "15136", "TYPE": "GENERAL ACUTE CARE", "STATUS": "OPEN", "BEDS": 138, "TRAUMA": "NOT AVAILABLE" }, "geometry": { "type": "Point", "coordinates": [ -80.091140625, 40.472603928000126 ] } },
{ "type": "Feature", "properties": { "NAME": "UPMC PRESBYTERIAN", "ADDRESS": "200 LOTHROP STREET", "CITY": "PITTSBURGH", "STATE": "PA", "ZIP": "15213", "TYPE": "GENERAL ACUTE CARE", "STATUS": "OPEN", "BEDS": 1592, "TRAUMA": "LEVEL I" }, "geometry": { "type": "Point", "coordinates": [ -79.960706769, 40.442783615999986 ] } },
{ "type": "Feature", "properties": { "NAME": "UPMC ST MARGARET", "ADDRESS": "815 FREEPORT ROAD", "CITY": "PITTSBURGH", "STATE": "PA", "ZIP": "15215", "TYPE": "GENERAL ACUTE CARE", "STATUS": "OPEN", "BEDS": 249, "TRAUMA": "NOT AVAILABLE" }, "geometry": { "type": "Point", "coordinates": [ -79.896070731999899, 40.489418305000129 ] } },
{ "type": "Feature", "properties": { "NAME": "KINDRED HOSPITAL PITTSBURGH NORTH SHORE", "ADDRESS": "1004 ARCH STREET", "CITY": "PITTSBURGH", "STATE": "PA", "ZIP": "15212", "TYPE": "LONG TERM CARE", "STATUS": "CLOSED", "BEDS": 72, "TRAUMA": "NOT AVAILABLE" }, "geometry": { "type": "Point", "coordinates": [ -80.008720105, 40.453944043000043 ] } },
{ "type": "Feature", "properties": { "NAME": "CHILDRENS HOSPITAL OF PITTSBURGH", "ADDRESS": "ONE CHILDRENS HOSPITAL DR 4401 PENN AVE", "CITY": "PITTSBURGH", "STATE": "PA", "ZIP": "15224", "TYPE": "GENERAL ACUTE CARE", "STATUS": "OPEN", "BEDS": 296, "TRAUMA": "LEVEL I" }, "geometry": { "type": "Point", "coordinates": [ -79.952990369, 40.466528744000094 ] } },
{ "type": "Feature", "properties": { "NAME": "FORBES HOSPITAL", "ADDRESS": "2570 HAYMAKER ROAD", "CITY": "MONROEVILLE", "STATE": "PA", "ZIP": "15146", "TYPE": "GENERAL ACUTE CARE", "STATUS": "OPEN", "BEDS": 350, "TRAUMA": "LEVEL II" }, "geometry": { "type": "Point", "coordinates": [ -79.747652, 40.428443001000055 ] } },
{ "type": "Feature", "properties": { "NAME": "ALLEGHENY GENERAL HOSPITAL", "ADDRESS": "320 EAST NORTH AVENUE", "CITY": "PITTSBURGH", "STATE": "PA", "ZIP": "15212", "TYPE": "GENERAL ACUTE CARE", "STATUS": "OPEN", "BEDS": 648, "TRAUMA": "LEVEL I" }, "geometry": { "type": "Point", "coordinates": [ -80.003401998999905, 40.457063001000073 ] } },
{ "type": "Feature", "properties": { "NAME": "UPMC MCKEESPORT", "ADDRESS": "1500 FIFTH AVENUE", "CITY": "MCKEESPORT", "STATE": "PA", "ZIP": "15132", "TYPE": "GENERAL ACUTE CARE", "STATUS": "OPEN", "BEDS": 212, "TRAUMA": "NOT AVAILABLE" }, "geometry": { "type": "Point", "coordinates": [ -79.849853737, 40.351796206000145 ] } },
{ "type": "Feature", "properties": { "NAME": "JEFFERSON REGIONAL MEDICAL CENTER", "ADDRESS": "565 COAL VALLEY ROAD, P O BOX 18119", "CITY": "PITTSBURGH", "STATE": "PA", "ZIP": "15236", "TYPE": "GENERAL ACUTE CARE", "STATUS": "OPEN", "BEDS": 373, "TRAUMA": "NOT AVAILABLE" }, "geometry": { "type": "Point", "coordinates": [ -79.933649767, 40.317445591000066 ] } },
{ "type": "Feature", "properties": { "NAME": "ATRIUM MEDICAL CENTER", "ADDRESS": "ONE MEDICAL CENTER DRIVE", "CITY": "FRANKLIN", "STATE": "OH", "ZIP": "45005", "TYPE": "GENERAL ACUTE CARE", "STATUS": "OPEN", "BEDS": 328, "TRAUMA": "LEVEL III" }, "geometry": { "type": "Point", "coordinates": [ -84.314251393999896, 39.498340495000022 ] } },
{ "type": "Feature", "properties": { "NAME": "MARIETTA MEMORIAL HOSPITAL", "ADDRESS": "401 MATTHEW STREET", "CITY": "MARIETTA", "STATE": "OH", "ZIP": "45750", "TYPE": "GENERAL ACUTE CARE", "STATUS": "OPEN", "BEDS": 215, "TRAUMA": "LEVEL III" }, "geometry": { "type": "Point", "coordinates": [ -81.464163927, 39.431701070000031 ] } },
{ "type": "Feature", "properties": { "NAME": "CONEMAUGH MEYERSDALE MEDICAL CENTER", "ADDRESS": "200 HOSPITAL DRIVE", "CITY": "MEYERSDALE", "STATE": "PA", "ZIP": "15552", "TYPE": "GENERAL ACUTE CARE", "STATUS": "OPEN", "BEDS": 20, "TRAUMA": "NOT AVAILABLE" }, "geometry": { "type": "Point", "coordinates": [ -79.025096001, 39.809105 ] } },
{ "type": "Feature", "properties": { "NAME": "ELLWOOD CITY HOSPITAL", "ADDRESS": "724 PERSHING STREET", "CITY": "ELLWOOD CITY", "STATE": "PA", "ZIP": "16117", "TYPE": "GENERAL ACUTE CARE", "STATUS": "OPEN", "BEDS": 62, "TRAUMA": "NOT AVAILABLE" }, "geometry": { "type": "Point", "coordinates": [ -80.275655999, 40.869970000000151 ] } },
{ "type": "Feature", "properties": { "NAME": "UPMC HORIZON", "ADDRESS": "110 NORTH MAIN STREET", "CITY": "GREENVILLE", "STATE": "PA", "ZIP": "16125", "TYPE": "GENERAL ACUTE CARE", "STATUS": "OPEN", "BEDS": 171, "TRAUMA": "NOT AVAILABLE" }, "geometry": { "type": "Point", "coordinates": [ -80.372017001, 41.411655000000103 ] } },
{ "type": "Feature", "properties": { "NAME": "SHARON REGIONAL HEALTH SYSTEM", "ADDRESS": "740 EAST STATE STREET", "CITY": "SHARON", "STATE": "PA", "ZIP": "16146", "TYPE": "GENERAL ACUTE CARE", "STATUS": "OPEN", "BEDS": 251, "TRAUMA": "NOT AVAILABLE" }, "geometry": { "type": "Point", "coordinates": [ -80.496213, 41.232661001000118 ] } },
{ "type": "Feature", "properties": { "NAME": "GROVE CITY MEDICAL CENTER", "ADDRESS": "631 NORTH BROAD ST EXT", "CITY": "GROVE CITY", "STATE": "PA", "ZIP": "16127", "TYPE": "GENERAL ACUTE CARE", "STATUS": "OPEN", "BEDS": 89, "TRAUMA": "LEVEL IV" }, "geometry": { "type": "Point", "coordinates": [ -80.085172, 41.170999000000137 ] } },
{ "type": "Feature", "properties": { "NAME": "WITHAM HEALTH SERVICES", "ADDRESS": "2605 N LEBANON ST", "CITY": "LEBANON", "STATE": "IN", "ZIP": "46052", "TYPE": "GENERAL ACUTE CARE", "STATUS": "OPEN", "BEDS": 52, "TRAUMA": "NOT AVAILABLE" }, "geometry": { "type": "Point", "coordinates": [ -86.472990401999894, 40.077473452999975 ] } },
{ "type": "Feature", "properties": { "NAME": "WASHINGTON HEALTH GREENE", "ADDRESS": "350 BONAR AVENUE", "CITY": "WAYNESBURG", "STATE": "PA", "ZIP": "15370", "TYPE": "GENERAL ACUTE CARE", "STATUS": "OPEN", "BEDS": 77, "TRAUMA": "NOT AVAILABLE" }, "geometry": { "type": "Point", "coordinates": [ -80.173196001, 39.900621002 ] } },
{ "type": "Feature", "properties": { "NAME": "TERRE HAUTE REGIONAL HOSPITAL", "ADDRESS": "3901 S SEVENTH ST", "CITY": "TERRE HAUTE", "STATE": "IN", "ZIP": "47802", "TYPE": "GENERAL ACUTE CARE", "STATUS": "OPEN", "BEDS": 278, "TRAUMA": "LEVEL II" }, "geometry": { "type": "Point", "coordinates": [ -87.409046743, 39.419396156000104 ] } },
{ "type": "Feature", "properties": { "NAME": "SELECT SPECIALTY HOSPITAL-EVANSVILLE", "ADDRESS": "400 SE 4TH ST", "CITY": "EVANSVILLE", "STATE": "IN", "ZIP": "47713", "TYPE": "LONG TERM CARE", "STATUS": "OPEN", "BEDS": 60, "TRAUMA": "NOT AVAILABLE" }, "geometry": { "type": "Point", "coordinates": [ -87.567291172, 37.967988801 ] } },
{ "type": "Feature", "properties": { "NAME": "UNION HOSPITAL INC", "ADDRESS": "1606 N SEVENTH ST", "CITY": "TERRE HAUTE", "STATE": "IN", "ZIP": "47804", "TYPE": "GENERAL ACUTE CARE", "STATUS": "OPEN", "BEDS": 211, "TRAUMA": "LEVEL III" }, "geometry": { "type": "Point", "coordinates": [ -87.406975608, 39.485864576000012 ] } },
{ "type": "Feature", "properties": { "NAME": "BETHESDA NORTH", "ADDRESS": "10500 MONTGOMERY ROAD", "CITY": "CINCINNATI", "STATE": "OH", "ZIP": "45242", "TYPE": "GENERAL ACUTE CARE", "STATUS": "OPEN", "BEDS": 524, "TRAUMA": "LEVEL III" }, "geometry": { "type": "Point", "coordinates": [ -84.341784686, 39.251979953000038 ] } },
{ "type": "Feature", "properties": { "NAME": "THE HEART HOSPITAL AT DEACONESS GATEWAY LLC", "ADDRESS": "4007 GATEWAY BLVD", "CITY": "NEWBURGH", "STATE": "IN", "ZIP": "47630", "TYPE": "GENERAL ACUTE CARE", "STATUS": "OPEN", "BEDS": 24, "TRAUMA": "NOT AVAILABLE" }, "geometry": { "type": "Point", "coordinates": [ -87.445107776, 37.974883165000065 ] } },
{ "type": "Feature", "properties": { "NAME": "ST VINCENT DUNN HOSPITAL INC", "ADDRESS": "1600 23RD ST", "CITY": "BEDFORD", "STATE": "IN", "ZIP": "47421", "TYPE": "CRITICAL ACCESS", "STATUS": "OPEN", "BEDS": 25, "TRAUMA": "NOT AVAILABLE" }, "geometry": { "type": "Point", "coordinates": [ -86.493958171, 38.852872580000088 ] } },
{ "type": "Feature", "properties": { "NAME": "RIVERVIEW HOSPITAL", "ADDRESS": "395 WESTFIELD RD", "CITY": "NOBLESVILLE", "STATE": "IN", "ZIP": "46060", "TYPE": "GENERAL ACUTE CARE", "STATUS": "OPEN", "BEDS": 162, "TRAUMA": "NOT AVAILABLE" }, "geometry": { "type": "Point", "coordinates": [ -86.023521853, 40.04581762000003 ] } },
{ "type": "Feature", "properties": { "NAME": "ST ELIZABETH YOUNGSTOWN HOSPITAL", "ADDRESS": "1044 BELMONT AVENUE", "CITY": "YOUNGSTOWN", "STATE": "OH", "ZIP": "44501", "TYPE": "GENERAL ACUTE CARE", "STATUS": "OPEN", "BEDS": 626, "TRAUMA": "LEVEL I" }, "geometry": { "type": "Point", "coordinates": [ -80.657314546999899, 41.114014995999966 ] } },
{ "type": "Feature", "properties": { "NAME": "AULTMAN ORRVILLE HOSPITAL", "ADDRESS": "832 SOUTH MAIN STREET", "CITY": "ORRVILLE", "STATE": "OH", "ZIP": "44667", "TYPE": "CRITICAL ACCESS", "STATUS": "OPEN", "BEDS": 34, "TRAUMA": "NOT AVAILABLE" }, "geometry": { "type": "Point", "coordinates": [ -81.763682683, 40.832182348000146 ] } },
{ "type": "Feature", "properties": { "NAME": "ST VINCENT HOSPITAL", "ADDRESS": "2001 W 86TH ST", "CITY": "INDIANAPOLIS", "STATE": "IN", "ZIP": "46260", "TYPE": "GENERAL ACUTE CARE", "STATUS": "OPEN", "BEDS": 376, "TRAUMA": "LEVEL I" }, "geometry": { "type": "Point", "coordinates": [ -86.195732218, 39.908987447000065 ] } },
{ "type": "Feature", "properties": { "NAME": "WOOSTER COMMUNITY HOSPITAL", "ADDRESS": "1761 BEALL AVENUE", "CITY": "WOOSTER", "STATE": "OH", "ZIP": "44691", "TYPE": "GENERAL ACUTE CARE", "STATUS": "OPEN", "BEDS": 150, "TRAUMA": "NOT AVAILABLE" }, "geometry": { "type": "Point", "coordinates": [ -81.932161465, 40.820887467000013 ] } },
{ "type": "Feature", "properties": { "NAME": "OHIO STATE UNIVERSITY HOSPITALS", "ADDRESS": "410 WEST 10TH AVENUE", "CITY": "COLUMBUS", "STATE": "OH", "ZIP": "43210", "TYPE": "GENERAL ACUTE CARE", "STATUS": "OPEN", "BEDS": 1106, "TRAUMA": "LEVEL I" }, "geometry": { "type": "Point", "coordinates": [ -83.01856537, 39.994260861999976 ] } },
{ "type": "Feature", "properties": { "NAME": "RIVERSIDE METHODIST HOSPITAL", "ADDRESS": "3535 OLENTANGY RIVER RD", "CITY": "COLUMBUS", "STATE": "OH", "ZIP": "43214", "TYPE": "GENERAL ACUTE CARE", "STATUS": "OPEN", "BEDS": 1059, "TRAUMA": "LEVEL II" }, "geometry": { "type": "Point", "coordinates": [ -83.034017085999906, 40.030567989000104 ] } },
{ "type": "Feature", "properties": { "NAME": "VA MEDICAL CENTER - UNIVERSITY DRIVE CAMPUS", "ADDRESS": "UNIVERSITY DR, C", "CITY": "PITTSBURGH", "STATE": "PA", "ZIP": "15240", "TYPE": "MILITARY", "STATUS": "OPEN", "BEDS": 146, "TRAUMA": "NOT AVAILABLE" }, "geometry": { "type": "Point", "coordinates": [ -79.961724389, 40.446779242999973 ] } },
{ "type": "Feature", "properties": { "NAME": "UNIONTOWN HOSPITAL", "ADDRESS": "500 WEST BERKELEY STREET", "CITY": "UNIONTOWN", "STATE": "PA", "ZIP": "15401", "TYPE": "GENERAL ACUTE CARE", "STATUS": "OPEN", "BEDS": 212, "TRAUMA": "NOT AVAILABLE" }, "geometry": { "type": "Point", "coordinates": [ -79.738082999, 39.90180900100011 ] } },
{ "type": "Feature", "properties": { "NAME": "MERCY MEMORIAL HOSPITAL", "ADDRESS": "904 SCIOTO STREET", "CITY": "URBANA", "STATE": "OH", "ZIP": "43078", "TYPE": "CRITICAL ACCESS", "STATUS": "OPEN", "BEDS": 8, "TRAUMA": "NOT AVAILABLE" }, "geometry": { "type": "Point", "coordinates": [ -83.7299200799999, 40.108521956000061 ] } },
{ "type": "Feature", "properties": { "NAME": "ST ELIZABETH BOARDMAN HEALTH CENTER", "ADDRESS": "8401 MARKET STREET", "CITY": "BOARDMAN", "STATE": "OH", "ZIP": "44512", "TYPE": "GENERAL ACUTE CARE", "STATUS": "OPEN", "BEDS": 246, "TRAUMA": "NOT AVAILABLE" }, "geometry": { "type": "Point", "coordinates": [ -80.660028409999896, 40.994884975999987 ] } },
{ "type": "Feature", "properties": { "NAME": "TRINITY HOSPITAL TWIN CITY", "ADDRESS": "819 NORTH FIRST STREET", "CITY": "DENNISON", "STATE": "OH", "ZIP": "44621", "TYPE": "CRITICAL ACCESS", "STATUS": "OPEN", "BEDS": 25, "TRAUMA": "NOT AVAILABLE" }, "geometry": { "type": "Point", "coordinates": [ -81.336686132, 40.401621594000083 ] } },
{ "type": "Feature", "properties": { "NAME": "HARLAN ARH HOSPITAL", "ADDRESS": "81 BALL PARK ROAD", "CITY": "HARLAN", "STATE": "KY", "ZIP": "40831", "TYPE": "GENERAL ACUTE CARE", "STATUS": "OPEN", "BEDS": 150, "TRAUMA": "LEVEL IV" }, "geometry": { "type": "Point", "coordinates": [ -83.313598393999897, 36.809455170999989 ] } },
{ "type": "Feature", "properties": { "NAME": "ENCOMPASS HEALTH REHABILITATION HOSPITAL OF LAKEVIEW", "ADDRESS": "134 HEARTLAND DRIVE", "CITY": "ELIZABETHTOWN", "STATE": "KY", "ZIP": "42701", "TYPE": "REHABILITATION", "STATUS": "OPEN", "BEDS": 40, "TRAUMA": "NOT AVAILABLE" }, "geometry": { "type": "Point", "coordinates": [ -85.8750721709999, 37.714635564 ] } },
{ "type": "Feature", "properties": { "NAME": "SAINT JOSEPH EAST", "ADDRESS": "150 N EAGLE CREEK DRIVE", "CITY": "LEXINGTON", "STATE": "KY", "ZIP": "40509", "TYPE": "GENERAL ACUTE CARE", "STATUS": "OPEN", "BEDS": 217, "TRAUMA": "NOT AVAILABLE" }, "geometry": { "type": "Point", "coordinates": [ -84.439154995, 37.999420095000083 ] } },
{ "type": "Feature", "properties": { "NAME": "TRISTAR GREENVIEW REGIONAL HOSPITAL", "ADDRESS": "1801 ASHLEY CIRCLE", "CITY": "BOWLING GREEN", "STATE": "KY", "ZIP": "42102", "TYPE": "GENERAL ACUTE CARE", "STATUS": "OPEN", "BEDS": 211, "TRAUMA": "NOT AVAILABLE" }, "geometry": { "type": "Point", "coordinates": [ -86.435979771999897, 36.96503761600016 ] } },
{ "type": "Feature", "properties": { "NAME": "RIVENDELL BEHAVIORAL HEALTH SERVICES", "ADDRESS": "1035 PORTER PIKE RD", "CITY": "BOWLING GREEN", "STATE": "KY", "ZIP": "42103", "TYPE": "PSYCHIATRIC", "STATUS": "OPEN", "BEDS": 125, "TRAUMA": "NOT AVAILABLE" }, "geometry": { "type": "Point", "coordinates": [ -86.383136954, 36.997072008000011 ] } },
{ "type": "Feature", "properties": { "NAME": "WHITESBURG ARH HOSPITAL", "ADDRESS": "240 HOSPITAL ROAD", "CITY": "WHITESBURG", "STATE": "KY", "ZIP": "41858", "TYPE": "GENERAL ACUTE CARE", "STATUS": "OPEN", "BEDS": 90, "TRAUMA": "LEVEL IV" }, "geometry": { "type": "Point", "coordinates": [ -82.812521793, 37.112927221000085 ] } },
{ "type": "Feature", "properties": { "NAME": "GEORGETOWN COMMUNITY HOSPITAL", "ADDRESS": "1140 LEXINGTON ROAD", "CITY": "GEORGETOWN", "STATE": "KY", "ZIP": "40324", "TYPE": "GENERAL ACUTE CARE", "STATUS": "OPEN", "BEDS": 75, "TRAUMA": "NOT AVAILABLE" }, "geometry": { "type": "Point", "coordinates": [ -84.560910793999895, 38.186518505999977 ] } },
{ "type": "Feature", "properties": { "NAME": "ST. ELIZABETH EDGEWOOD", "ADDRESS": "1 MEDICAL VILLAGE DR.", "CITY": "EDGEWOOD", "STATE": "KY", "ZIP": "41017", "TYPE": "GENERAL ACUTE CARE", "STATUS": "OPEN", "BEDS": 518, "TRAUMA": "NOT AVAILABLE" }, "geometry": { "type": "Point", "coordinates": [ -84.562789719, 39.013178162 ] } },
{ "type": "Feature", "properties": { "NAME": "PETERSON REHABILITATION HOSPITAL", "ADDRESS": "HOMESTEAD AVENUE", "CITY": "WHEELING", "STATE": "WV", "ZIP": "26003", "TYPE": "REHABILITATION", "STATUS": "OPEN", "BEDS": 172, "TRAUMA": "NOT AVAILABLE" }, "geometry": { "type": "Point", "coordinates": [ -80.693998366, 40.07988622400012 ] } },
{ "type": "Feature", "properties": { "NAME": "CAMC TEAYS VALLEY HOSPITAL", "ADDRESS": "1400 HOSPITAL DRIVE", "CITY": "HURRICANE", "STATE": "WV", "ZIP": "25526", "TYPE": "GENERAL ACUTE CARE", "STATUS": "OPEN", "BEDS": 70, "TRAUMA": "NOT AVAILABLE" }, "geometry": { "type": "Point", "coordinates": [ -81.952102859, 38.451685564000094 ] } },
{ "type": "Feature", "properties": { "NAME": "KINGS DAUGHTERS MEDICAL CENTER", "ADDRESS": "2201 LEXINGTON AVE", "CITY": "ASHLAND", "STATE": "KY", "ZIP": "41101", "TYPE": "GENERAL ACUTE CARE", "STATUS": "OPEN", "BEDS": 455, "TRAUMA": "NOT AVAILABLE" }, "geometry": { "type": "Point", "coordinates": [ -82.634516334, 38.469941404999958 ] } },
{ "type": "Feature", "properties": { "NAME": "MILDRED MITCHELL-BATEMAN HOSPITAL", "ADDRESS": "1530 NORWAY AVENUE", "CITY": "HUNTINGTON", "STATE": "WV", "ZIP": "25709", "TYPE": "PSYCHIATRIC", "STATUS": "OPEN", "BEDS": 90, "TRAUMA": "NOT AVAILABLE" }, "geometry": { "type": "Point", "coordinates": [ -82.41330097, 38.412765593000096 ] } },
{ "type": "Feature", "properties": { "NAME": "ENCOMPASS HEALTH REHAB HOSPITAL OF PARKERSBURG", "ADDRESS": "3 WESTERN HILLS DRIVE", "CITY": "PARKERSBURG", "STATE": "WV", "ZIP": "26105", "TYPE": "REHABILITATION", "STATUS": "OPEN", "BEDS": 50, "TRAUMA": "NOT AVAILABLE" }, "geometry": { "type": "Point", "coordinates": [ -81.534351221, 39.305590960000117 ] } },
{ "type": "Feature", "properties": { "NAME": "BOURBON COMMUNITY HOSPITAL", "ADDRESS": "9 LINVILLE DRIVE", "CITY": "PARIS", "STATE": "KY", "ZIP": "40361", "TYPE": "GENERAL ACUTE CARE", "STATUS": "OPEN", "BEDS": 58, "TRAUMA": "NOT AVAILABLE" }, "geometry": { "type": "Point", "coordinates": [ -84.238352412, 38.221193905000092 ] } },
{ "type": "Feature", "properties": { "NAME": "GATEWAY REHABILITATION HOSPITAL AT FLORENCE", "ADDRESS": "5940 MERCHANT STREET", "CITY": "FLORENCE", "STATE": "KY", "ZIP": "41042", "TYPE": "REHABILITATION", "STATUS": "OPEN", "BEDS": 40, "TRAUMA": "NOT AVAILABLE" }, "geometry": { "type": "Point", "coordinates": [ -84.655139219, 39.008040398 ] } },
{ "type": "Feature", "properties": { "NAME": "FLAGET MEMORIAL HOSPITAL", "ADDRESS": "4305 NEW SHEPHERDSVILLE ROAD", "CITY": "BARDSTOWN", "STATE": "KY", "ZIP": "40004", "TYPE": "GENERAL ACUTE CARE", "STATUS": "OPEN", "BEDS": 40, "TRAUMA": "NOT AVAILABLE" }, "geometry": { "type": "Point", "coordinates": [ -85.523785834, 37.861651018 ] } },
{ "type": "Feature", "properties": { "NAME": "MORGAN COUNTY ARH HOSPITAL", "ADDRESS": "476 LIBERTY ROAD", "CITY": "WEST LIBERTY", "STATE": "KY", "ZIP": "41472", "TYPE": "CRITICAL ACCESS", "STATUS": "OPEN", "BEDS": 25, "TRAUMA": "LEVEL IV" }, "geometry": { "type": "Point", "coordinates": [ -83.265575509, 37.920033137000118 ] } },
{ "type": "Feature", "properties": { "NAME": "CRAWFORD MEMORIAL HOSPITAL", "ADDRESS": "1000 NORTH ALLEN STREET", "CITY": "ROBINSON", "STATE": "IL", "ZIP": "62454", "TYPE": "CRITICAL ACCESS", "STATUS": "OPEN", "BEDS": 63, "TRAUMA": "NOT AVAILABLE" }, "geometry": { "type": "Point", "coordinates": [ -87.750416765000011, 39.014541461000107 ] } },
{ "type": "Feature", "properties": { "NAME": "SELECT SPECIALTY HOSPITAL COLUMBUS SOUTH", "ADDRESS": "1430 SOUTH HIGH STREET", "CITY": "COLUMBUS", "STATE": "OH", "ZIP": "43207", "TYPE": "LONG TERM CARE", "STATUS": "OPEN", "BEDS": 43, "TRAUMA": "NOT AVAILABLE" }, "geometry": { "type": "Point", "coordinates": [ -82.99534134, 39.933084024000024 ] } },
{ "type": "Feature", "properties": { "NAME": "VIBRA HOSPITAL OF MAHONING VALLEY", "ADDRESS": "8049 SOUTH AVENUE", "CITY": "BOARDMAN", "STATE": "OH", "ZIP": "44512", "TYPE": "LONG TERM CARE", "STATUS": "OPEN", "BEDS": 45, "TRAUMA": "NOT AVAILABLE" }, "geometry": { "type": "Point", "coordinates": [ -80.632972307, 41.005169299999984 ] } },
{ "type": "Feature", "properties": { "NAME": "ST VINCENT FISHERS HOSPITAL INC", "ADDRESS": "13861 OLIO ROAD", "CITY": "FISHERS", "STATE": "IN", "ZIP": "46037", "TYPE": "GENERAL ACUTE CARE", "STATUS": "OPEN", "BEDS": 46, "TRAUMA": "NOT AVAILABLE" }, "geometry": { "type": "Point", "coordinates": [ -85.916601968999899, 39.989336055000074 ] } },
{ "type": "Feature", "properties": { "NAME": "88TH MEDICAL GROUP - WRIGHT-PATTERSON AIR FORCE BASE MEDICAL CENTER", "ADDRESS": "4881 SUGAR MAPLE DR", "CITY": "WRIGHT PATTERSON AFB", "STATE": "OH", "ZIP": "45433", "TYPE": "MILITARY", "STATUS": "OPEN", "BEDS": 57, "TRAUMA": "NOT AVAILABLE" }, "geometry": { "type": "Point", "coordinates": [ -84.037407128, 39.805347847000071 ] } },
{ "type": "Feature", "properties": { "NAME": "HARDIN COUNTY GENERAL HOSPITAL", "ADDRESS": "FERRELL ROAD", "CITY": "ROSICLARE", "STATE": "IL", "ZIP": "62982", "TYPE": "CRITICAL ACCESS", "STATUS": "OPEN", "BEDS": 25, "TRAUMA": "NOT AVAILABLE" }, "geometry": { "type": "Point", "coordinates": [ -88.351724943, 37.422280418000121 ] } },
{ "type": "Feature", "properties": { "NAME": "IRELAND ARMY COMMUNITY HOSPITAL", "ADDRESS": "289 IRELAND AVE.", "CITY": "FORT KNOX", "STATE": "KY", "ZIP": "40121", "TYPE": "MILITARY", "STATUS": "OPEN", "BEDS": -999, "TRAUMA": "NOT AVAILABLE" }, "geometry": { "type": "Point", "coordinates": [ -85.9414375, 37.900353199999984 ] } },
{ "type": "Feature", "properties": { "NAME": "ST. CLAIRE REGIONAL MEDICAL CENTER", "ADDRESS": "222 MEDICAL CIRCLE", "CITY": "MOREHEAD", "STATE": "KY", "ZIP": "40351", "TYPE": "GENERAL ACUTE CARE", "STATUS": "OPEN", "BEDS": 149, "TRAUMA": "NOT AVAILABLE" }, "geometry": { "type": "Point", "coordinates": [ -83.439324254, 38.179470448000089 ] } },
{ "type": "Feature", "properties": { "NAME": "BRAXTON COUNTY MEMORIAL HOSPITAL", "ADDRESS": "100 HOYLMAN DRIVE", "CITY": "GASSAWAY", "STATE": "WV", "ZIP": "26624", "TYPE": "CRITICAL ACCESS", "STATUS": "OPEN", "BEDS": 25, "TRAUMA": "LEVEL IV" }, "geometry": { "type": "Point", "coordinates": [ -80.748608071, 38.661159294000079 ] } },
{ "type": "Feature", "properties": { "NAME": "CABELL-HUNTINGTON HOSPITAL", "ADDRESS": "1340 HAL GREER BOULEVARD", "CITY": "HUNTINGTON", "STATE": "WV", "ZIP": "25701", "TYPE": "GENERAL ACUTE CARE", "STATUS": "OPEN", "BEDS": 313, "TRAUMA": "LEVEL II" }, "geometry": { "type": "Point", "coordinates": [ -82.427402298999894, 38.409767032 ] } },
{ "type": "Feature", "properties": { "NAME": "ENCOMPASS HEALTH REHAB HOSPITAL OF MORGANTOWN", "ADDRESS": "1160 VAN VOORHIS ROAD", "CITY": "MORGANTOWN", "STATE": "WV", "ZIP": "26504", "TYPE": "REHABILITATION", "STATUS": "OPEN", "BEDS": 96, "TRAUMA": "NOT AVAILABLE" }, "geometry": { "type": "Point", "coordinates": [ -79.961983651, 39.656486024000159 ] } },
{ "type": "Feature", "properties": { "NAME": "ENCOMPASS HEALTH REHAB HOSPITAL OF PRINCTON", "ADDRESS": "120 12TH ST", "CITY": "PRINCETON", "STATE": "WV", "ZIP": "24740", "TYPE": "REHABILITATION", "STATUS": "OPEN", "BEDS": 60, "TRAUMA": "NOT AVAILABLE" }, "geometry": { "type": "Point", "coordinates": [ -81.113529069, 37.363966185999963 ] } },
{ "type": "Feature", "properties": { "NAME": "GREENBRIER VALLEY MEDICAL CENTER", "ADDRESS": "1320 MAPLEWOOD AVENUE, PO BOX 497", "CITY": "RONCEVERTE", "STATE": "WV", "ZIP": "24970", "TYPE": "GENERAL ACUTE CARE", "STATUS": "OPEN", "BEDS": 122, "TRAUMA": "NOT AVAILABLE" }, "geometry": { "type": "Point", "coordinates": [ -80.470249227999901, 37.773160670999964 ] } },
{ "type": "Feature", "properties": { "NAME": "LOGAN REGIONAL MEDICAL CENTER", "ADDRESS": "20 HOSPITAL DRIVE", "CITY": "LOGAN", "STATE": "WV", "ZIP": "25601", "TYPE": "GENERAL ACUTE CARE", "STATUS": "OPEN", "BEDS": 140, "TRAUMA": "LEVEL IV" }, "geometry": { "type": "Point", "coordinates": [ -81.994387025, 37.846095510000133 ] } },
{ "type": "Feature", "properties": { "NAME": "ENCOMPASS HEALTH REHAB HOSPITAL OF HUNTINGTON", "ADDRESS": "6900 WEST COUNTRY CLUB DRIVE", "CITY": "HUNTINGTON", "STATE": "WV", "ZIP": "25705", "TYPE": "REHABILITATION", "STATUS": "OPEN", "BEDS": 62, "TRAUMA": "NOT AVAILABLE" }, "geometry": { "type": "Point", "coordinates": [ -82.338668261999899, 38.418889093000118 ] } },
{ "type": "Feature", "properties": { "NAME": "ROANE GENERAL HOSPITAL", "ADDRESS": "200 HOSPITAL DRIVE", "CITY": "SPENCER", "STATE": "WV", "ZIP": "25276", "TYPE": "CRITICAL ACCESS", "STATUS": "OPEN", "BEDS": 60, "TRAUMA": "LEVEL IV" }, "geometry": { "type": "Point", "coordinates": [ -81.369034233, 38.812554779 ] } },
{ "type": "Feature", "properties": { "NAME": "SELECT SPECIALTY HOSPITAL", "ADDRESS": "333 LAIDLEY STREET", "CITY": "CHARLESTON", "STATE": "WV", "ZIP": "25301", "TYPE": "LONG TERM CARE", "STATUS": "OPEN", "BEDS": 32, "TRAUMA": "NOT AVAILABLE" }, "geometry": { "type": "Point", "coordinates": [ -81.632526877, 38.353882933000101 ] } },
{ "type": "Feature", "properties": { "NAME": "SUMMERSVILLE REGIONAL MEDICAL CENTER", "ADDRESS": "400 FAIRVIEW HEIGHTS ROAD", "CITY": "SUMMERSVILLE", "STATE": "WV", "ZIP": "26651", "TYPE": "GENERAL ACUTE CARE", "STATUS": "OPEN", "BEDS": 105, "TRAUMA": "LEVEL IV" }, "geometry": { "type": "Point", "coordinates": [ -80.829292691, 38.292512195 ] } },
{ "type": "Feature", "properties": { "NAME": "WEBSTER COUNTY MEMORIAL HOSPITAL", "ADDRESS": "324 MILLER MOUNTAIN DRIVE, PO BOX 312", "CITY": "WEBSTER SPRINGS", "STATE": "WV", "ZIP": "26288", "TYPE": "CRITICAL ACCESS", "STATUS": "OPEN", "BEDS": 15, "TRAUMA": "NOT AVAILABLE" }, "geometry": { "type": "Point", "coordinates": [ -80.410687522, 38.482261330000014 ] } },
{ "type": "Feature", "properties": { "NAME": "WELCH COMMUNITY HOSPITAL", "ADDRESS": "454 MCDOWELL STREET", "CITY": "WELCH", "STATE": "WV", "ZIP": "24801", "TYPE": "GENERAL ACUTE CARE", "STATUS": "OPEN", "BEDS": 124, "TRAUMA": "NOT AVAILABLE" }, "geometry": { "type": "Point", "coordinates": [ -81.588099009, 37.439129054 ] } },
{ "type": "Feature", "properties": { "NAME": "CAMDEN CLARK MEDICAL CENTER", "ADDRESS": "800 GARFIELD AVE", "CITY": "PARKERSBURG", "STATE": "WV", "ZIP": "26101", "TYPE": "GENERAL ACUTE CARE", "STATUS": "OPEN", "BEDS": 302, "TRAUMA": "LEVEL III" }, "geometry": { "type": "Point", "coordinates": [ -81.56010635, 39.269424010000087 ] } },
{ "type": "Feature", "properties": { "NAME": "CHARLSTON AREA MEDICAL CENTER", "ADDRESS": "501 MORRIS STREET", "CITY": "CHARLESTON", "STATE": "WV", "ZIP": "25301", "TYPE": "GENERAL ACUTE CARE", "STATUS": "OPEN", "BEDS": 956, "TRAUMA": "LEVEL I" }, "geometry": { "type": "Point", "coordinates": [ -81.627199753, 38.347921789999965 ] } },
{ "type": "Feature", "properties": { "NAME": "HIGHLAND-CLARKSBURG HOSPITAL INC", "ADDRESS": "3 HOSPITAL PLAZA", "CITY": "CLARKSBURG", "STATE": "WV", "ZIP": "26301", "TYPE": "PSYCHIATRIC", "STATUS": "OPEN", "BEDS": 115, "TRAUMA": "NOT AVAILABLE" }, "geometry": { "type": "Point", "coordinates": [ -80.371438893999894, 39.271775397999981 ] } },
{ "type": "Feature", "properties": { "NAME": "JACKSON GENERAL HOSPITAL", "ADDRESS": "122 PINNELL ST", "CITY": "RIPLEY", "STATE": "WV", "ZIP": "25271", "TYPE": "CRITICAL ACCESS", "STATUS": "OPEN", "BEDS": 25, "TRAUMA": "LEVEL IV" }, "geometry": { "type": "Point", "coordinates": [ -81.730147267999897, 38.822876283 ] } },
{ "type": "Feature", "properties": { "NAME": "MONONGALIA COUNTY GENERAL HOSPITAL", "ADDRESS": "1200 JD ANDERSON DR", "CITY": "MORGANTOWN", "STATE": "WV", "ZIP": "26505", "TYPE": "GENERAL ACUTE CARE", "STATUS": "OPEN", "BEDS": 189, "TRAUMA": "LEVEL IV" }, "geometry": { "type": "Point", "coordinates": [ -79.946943732, 39.6636155670001 ] } },
{ "type": "Feature", "properties": { "NAME": "WEIRTON MEDICAL CENTER", "ADDRESS": "601 COLLIERS WAY", "CITY": "WEIRTON", "STATE": "WV", "ZIP": "26062", "TYPE": "GENERAL ACUTE CARE", "STATUS": "OPEN", "BEDS": 218, "TRAUMA": "LEVEL IV" }, "geometry": { "type": "Point", "coordinates": [ -80.527891664, 40.393095175000035 ] } },
{ "type": "Feature", "properties": { "NAME": "CRICHTON REHABILITATION CENTER", "ADDRESS": "320 MAIN STREET", "CITY": "JOHNSTOWN", "STATE": "PA", "ZIP": "15901", "TYPE": "REHABILITATION", "STATUS": "OPEN", "BEDS": 39, "TRAUMA": "NOT AVAILABLE" }, "geometry": { "type": "Point", "coordinates": [ -78.921297362, 40.326387082000117 ] } },
{ "type": "Feature", "properties": { "NAME": "ENCOMPASS HEALTH REHABILITATION HOSPITAL OF SEWICKLEY", "ADDRESS": "303 CAMP MEETING ROAD", "CITY": "SEWICKLEY", "STATE": "PA", "ZIP": "15143", "TYPE": "REHABILITATION", "STATUS": "OPEN", "BEDS": 44, "TRAUMA": "NOT AVAILABLE" }, "geometry": { "type": "Point", "coordinates": [ -80.202789998999904, 40.576858001000105 ] } },
{ "type": "Feature", "properties": { "NAME": "HIGHLANDS HOSPITAL", "ADDRESS": "401 EAST MURPHY AVENUE", "CITY": "CONNELLSVILLE", "STATE": "PA", "ZIP": "15425", "TYPE": "GENERAL ACUTE CARE", "STATUS": "OPEN", "BEDS": 71, "TRAUMA": "NOT AVAILABLE" }, "geometry": { "type": "Point", "coordinates": [ -79.586416, 40.023060002000143 ] } },
{ "type": "Feature", "properties": { "NAME": "CHAN SOON SHIONG MEDICAL CENTER AT WINDBER", "ADDRESS": "600 SOMERSET AVENUE", "CITY": "WINDBER", "STATE": "PA", "ZIP": "15963", "TYPE": "GENERAL ACUTE CARE", "STATUS": "OPEN", "BEDS": 54, "TRAUMA": "NOT AVAILABLE" }, "geometry": { "type": "Point", "coordinates": [ -78.837519998999895, 40.242639001 ] } },
{ "type": "Feature", "properties": { "NAME": "CURAHEALTH HERITAGE VALLEY", "ADDRESS": "1000 DUTCH RIDGE ROAD", "CITY": "BEAVER", "STATE": "PA", "ZIP": "15009", "TYPE": "LONG TERM CARE", "STATUS": "OPEN", "BEDS": 35, "TRAUMA": "NOT AVAILABLE" }, "geometry": { "type": "Point", "coordinates": [ -80.321961, 40.712071 ] } },
{ "type": "Feature", "properties": { "NAME": "CURAHEALTH PITTSBURGH", "ADDRESS": "7777 STEUBENVILLE PIKE", "CITY": "OAKDALE", "STATE": "PA", "ZIP": "15071", "TYPE": "LONG TERM CARE", "STATUS": "OPEN", "BEDS": 63, "TRAUMA": "NOT AVAILABLE" }, "geometry": { "type": "Point", "coordinates": [ -80.208799999999897, 40.438549 ] } },
{ "type": "Feature", "properties": { "NAME": "LECOM HEALTH CORRY MEMORIAL HOSPITAL", "ADDRESS": "965 SHAMROCK LANE", "CITY": "CORRY", "STATE": "PA", "ZIP": "16407", "TYPE": "GENERAL ACUTE CARE", "STATUS": "OPEN", "BEDS": 20, "TRAUMA": "NOT AVAILABLE" }, "geometry": { "type": "Point", "coordinates": [ -79.612970617, 41.936253324000099 ] } },
{ "type": "Feature", "properties": { "NAME": "LIFECARE HOSPITALS OF PITTSBURGH - ALLE-KISKI", "ADDRESS": "1301 CARLISLE STREET", "CITY": "NATRONA HEIGHTS", "STATE": "PA", "ZIP": "15065", "TYPE": "LONG TERM CARE", "STATUS": "OPEN", "BEDS": 35, "TRAUMA": "NOT AVAILABLE" }, "geometry": { "type": "Point", "coordinates": [ -79.736195177999903, 40.618545736000065 ] } },
{ "type": "Feature", "properties": { "NAME": "LIFECARE HOSPITALS OF PITTSBURGH - SUBURBAN", "ADDRESS": "100 SOUTH JACKSON AVENUE", "CITY": "PITTSBURGH", "STATE": "PA", "ZIP": "15202", "TYPE": "GENERAL ACUTE CARE", "STATUS": "OPEN", "BEDS": 32, "TRAUMA": "NOT AVAILABLE" }, "geometry": { "type": "Point", "coordinates": [ -80.060406401, 40.495198259000141 ] } },
{ "type": "Feature", "properties": { "NAME": "UPMC KANE", "ADDRESS": "4372 ROUTE 6", "CITY": "KANE", "STATE": "PA", "ZIP": "16735", "TYPE": "GENERAL ACUTE CARE", "STATUS": "OPEN", "BEDS": 31, "TRAUMA": "NOT AVAILABLE" }, "geometry": { "type": "Point", "coordinates": [ -78.817070000999919, 41.671771002000106 ] } },
{ "type": "Feature", "properties": { "NAME": "UPMC MAGEE-WOMENS HOSPITAL", "ADDRESS": "300 HALKET STREET", "CITY": "PITTSBURGH", "STATE": "PA", "ZIP": "15213", "TYPE": "GENERAL ACUTE CARE", "STATUS": "OPEN", "BEDS": 318, "TRAUMA": "NOT AVAILABLE" }, "geometry": { "type": "Point", "coordinates": [ -79.961052471000016, 40.436962516000122 ] } },
{ "type": "Feature", "properties": { "NAME": "UPMC SOMERSET", "ADDRESS": "225 SOUTH CENTER AVENUE", "CITY": "SOMERSET", "STATE": "PA", "ZIP": "15501", "TYPE": "GENERAL ACUTE CARE", "STATUS": "OPEN", "BEDS": 150, "TRAUMA": "NOT AVAILABLE" }, "geometry": { "type": "Point", "coordinates": [ -79.077821, 40.007048 ] } },
{ "type": "Feature", "properties": { "NAME": "DAVIS MEDICAL CENTER", "ADDRESS": "812 GORMAN AVENUE, PO BOX 1484", "CITY": "ELKINS", "STATE": "WV", "ZIP": "26241", "TYPE": "GENERAL ACUTE CARE", "STATUS": "OPEN", "BEDS": 80, "TRAUMA": "NOT AVAILABLE" }, "geometry": { "type": "Point", "coordinates": [ -79.854800188, 38.928255911000029 ] } },
{ "type": "Feature", "properties": { "NAME": "UPMC PASSAVANT-CRANBERRY-ER", "ADDRESS": "1 ST FRANCIS WAY", "CITY": "CRANBERRY", "STATE": "PA", "ZIP": "16066", "TYPE": "GENERAL ACUTE CARE", "STATUS": "OPEN", "BEDS": 35, "TRAUMA": "NOT AVAILABLE" }, "geometry": { "type": "Point", "coordinates": [ -80.098047624999893, 40.682906436000103 ] } },
{ "type": "Feature", "properties": { "NAME": "MOUNT CARMEL BEHAVIORAL HEALTHCARE LLC", "ADDRESS": "4646 HILTON CORPORATE DRIVE", "CITY": "COLUMBUS", "STATE": "OH", "ZIP": "43232", "TYPE": "PSYCHIATRIC", "STATUS": "OPEN", "BEDS": 80, "TRAUMA": "NOT AVAILABLE" }, "geometry": { "type": "Point", "coordinates": [ -82.870380465, 39.935747856000013 ] } },
{ "type": "Feature", "properties": { "NAME": "KETTERING HEALTH NETWORK TROY HOSPITAL", "ADDRESS": "600 WEST MAIN STREET", "CITY": "TROY", "STATE": "OH", "ZIP": "45373", "TYPE": "GENERAL ACUTE CARE", "STATUS": "OPEN", "BEDS": 28, "TRAUMA": "NOT AVAILABLE" }, "geometry": { "type": "Point", "coordinates": [ -84.209686427999898, 40.04323221300011 ] } },
{ "type": "Feature", "properties": { "NAME": "IU HEALTH SAXONY HOSPITAL", "ADDRESS": "13000 EAST 136TH STREET", "CITY": "FISHERS", "STATE": "IN", "ZIP": "46037", "TYPE": "GENERAL ACUTE CARE", "STATUS": "OPEN", "BEDS": 44, "TRAUMA": "NOT AVAILABLE" }, "geometry": { "type": "Point", "coordinates": [ -85.930289, 39.987097000000105 ] } },
{ "type": "Feature", "properties": { "NAME": "LIFE LINE HOSPITAL", "ADDRESS": "200 SCHOOL STREET", "CITY": "WINTERSVILLE", "STATE": "OH", "ZIP": "43953", "TYPE": "LONG TERM CARE", "STATUS": "CLOSED", "BEDS": 36, "TRAUMA": "NOT AVAILABLE" }, "geometry": { "type": "Point", "coordinates": [ -80.701221361, 40.372433896000111 ] } },
{ "type": "Feature", "properties": { "NAME": "ENCOMPASS HEALTH REHABILITATION HOSPITAL OF CINCINNATI, LLC", "ADDRESS": "151 WEST GALBRAITH ROAD", "CITY": "CINCINNATI", "STATE": "OH", "ZIP": "45216", "TYPE": "REHABILITATION", "STATUS": "OPEN", "BEDS": 60, "TRAUMA": "NOT AVAILABLE" }, "geometry": { "type": "Point", "coordinates": [ -84.48023256399992, 39.212758671000088 ] } },
{ "type": "Feature", "properties": { "NAME": "CORNERSTONE HOSPITAL OF HUNTINGTON", "ADDRESS": "2900 FIRST AVENUE, 2E", "CITY": "HUNTINGTON", "STATE": "WV", "ZIP": "25702", "TYPE": "LONG TERM CARE", "STATUS": "OPEN", "BEDS": 28, "TRAUMA": "NOT AVAILABLE" }, "geometry": { "type": "Point", "coordinates": [ -82.400769646, 38.431913883000107 ] } },
{ "type": "Feature", "properties": { "NAME": "ACUITY SPECIALTY HOSPITAL OHIO VALLEY WHEELING", "ADDRESS": "1 MEDICAL PARK, 6TH FLOOR", "CITY": "WHEELING", "STATE": "WV", "ZIP": "26003", "TYPE": "LONG TERM CARE", "STATUS": "OPEN", "BEDS": 13, "TRAUMA": "NOT AVAILABLE" }, "geometry": { "type": "Point", "coordinates": [ -80.684317291000013, 40.059175713999963 ] } },
{ "type": "Feature", "properties": { "NAME": "SISTERSVILLE GENERAL HOSPITAL", "ADDRESS": "314 SOUTH WELLS STREET", "CITY": "SISTERSVILLE", "STATE": "WV", "ZIP": "26175", "TYPE": "CRITICAL ACCESS", "STATUS": "OPEN", "BEDS": 12, "TRAUMA": "NOT AVAILABLE" }, "geometry": { "type": "Point", "coordinates": [ -81.004049882999894, 39.558600308999985 ] } },
{ "type": "Feature", "properties": { "NAME": "MERCY HOSPITAL WEST", "ADDRESS": "3131 QUEEN CITY AVENUE", "CITY": "CINCINNATI", "STATE": "OH", "ZIP": "45238", "TYPE": "GENERAL ACUTE CARE", "STATUS": "OPEN", "BEDS": 156, "TRAUMA": "NOT AVAILABLE" }, "geometry": { "type": "Point", "coordinates": [ -84.607364742999906, 39.134956156999962 ] } },
{ "type": "Feature", "properties": { "NAME": "REHABILITATION HOSPITAL OF INDIANA INC", "ADDRESS": "4141 SHORE DR", "CITY": "INDIANAPOLIS", "STATE": "IN", "ZIP": "46254", "TYPE": "REHABILITATION", "STATUS": "OPEN", "BEDS": 91, "TRAUMA": "NOT AVAILABLE" }, "geometry": { "type": "Point", "coordinates": [ -86.277726, 39.830058 ] } },
{ "type": "Feature", "properties": { "NAME": "SELBY GENERAL HOSPITAL", "ADDRESS": "1106 COLEGATE DRIVE", "CITY": "MARIETTA", "STATE": "OH", "ZIP": "45750", "TYPE": "CRITICAL ACCESS", "STATUS": "OPEN", "BEDS": 25, "TRAUMA": "NOT AVAILABLE" }, "geometry": { "type": "Point", "coordinates": [ -81.444011728, 39.440090955000137 ] } },
{ "type": "Feature", "properties": { "NAME": "CLEVELAND CLINIC REHABILITATION HOSPITAL, EDWIN SHAW", "ADDRESS": "4389 MEDINA ROAD", "CITY": "COPLEY", "STATE": "OH", "ZIP": "44321", "TYPE": "REHABILITATION", "STATUS": "OPEN", "BEDS": 160, "TRAUMA": "NOT AVAILABLE" }, "geometry": { "type": "Point", "coordinates": [ -81.662342, 41.136712 ] } },
{ "type": "Feature", "properties": { "NAME": "THE CHRIST HOSPITAL HEALTH NETWORK", "ADDRESS": "6939 COX ROAD, SUITE 350", "CITY": "LIBERTY TOWNSHIP", "STATE": "OH", "ZIP": "45069", "TYPE": "GENERAL ACUTE CARE", "STATUS": "OPEN", "BEDS": -999, "TRAUMA": "NOT AVAILABLE" }, "geometry": { "type": "Point", "coordinates": [ -84.362967, 39.374818 ] } },
{ "type": "Feature", "properties": { "NAME": "OWENSBORO HEALTH REGIONAL HOSPITAL", "ADDRESS": "1201 PLEASANT VALLEY ROAD", "CITY": "OWENSBORO", "STATE": "KY", "ZIP": "42303", "TYPE": "GENERAL ACUTE CARE", "STATUS": "OPEN", "BEDS": 447, "TRAUMA": "LEVEL III" }, "geometry": { "type": "Point", "coordinates": [ -87.064291652999898, 37.77948449900002 ] } }
]
}
